society_name,price,location,area
,₹2.24 Cr ,"4 BHK Apartment for Sale in Geras Island of Joy, Wagholi Pune",Carpet Area1830 sqftUnder ConstructionPoss. by May '28TransactionNew PropertyFurnishingUnfurnishedSocietyGeras Island of JoyCar Parking1 CoveredBathroom4
,₹3.45 Cr ,"4 BHK Apartment for Sale in Malpani M Soul Strings, Pashan Pune",Carpet Area2059 sqftUnder ConstructionPoss. by Dec '29TransactionNew PropertyFurnishingUnfurnishedSocietyMalpani M Soul StringsBathroom4Balcony2
Godrej Ivara,₹3.09 Cr ,"4 BHK Apartment for Sale in Godrej Ivara, Kharadi Pune",Carpet Area1550 sqftUnder ConstructionPoss. by Dec '31TransactionNew PropertyFurnishingUnfurnishedSocietyGodrej IvaraBathroom4Balcony4
Majestique Evolvus,₹2.42 Cr ,"4 BHK Apartment for Sale in Majestique Evolvus, Kharadi Pune",Carpet Area1684 sqftUnder ConstructionPoss. by Dec '28TransactionNew PropertyFurnishingUnfurnishedSocietyMajestique EvolvusBathroom4Balcony3
Majestique Evolvus,₹2.42 Cr ,"4 BHK Apartment for Sale in Majestique Evolvus, Kharadi Pune",Carpet Area1684 sqftUnder ConstructionPoss. by Dec '28TransactionNew PropertyFurnishingUnfurnishedSocietyMajestique EvolvusBathroom4Balcony3
Rachana Bella Casa Royale,₹1.53 Cr ,"3 BHK Apartment for Sale in Rachana Bella Casa Royale, Sus Pune",Carpet Area1166 sqftUnder ConstructionPoss. by Jun '27TransactionNew PropertyFurnishingUnfurnishedSocietyRachana Bella Casa RoyaleBathroom3Balcony2
Nyati Emerald,₹1.75 Cr ,"3 BHK Apartment for Sale in Nyati Emerald, Baner Pune",Carpet Area1213 sqftUnder ConstructionPoss. by May '27TransactionNew PropertyFurnishingUnfurnishedSocietyNyati EmeraldBathroom3Balcony2
Lodha Massimo,₹7.84 Cr ,"5 BHK Apartment for Sale in Lodha Massimo, Baner Pune",Carpet Area3673 sqftUnder ConstructionPoss. by Jun '29TransactionNew PropertyFurnishingUnfurnishedSocietyLodha MassimoBathroom5Balcony5
Suratwala Mark Plazzo,₹1.70 Cr ,"  Office Space for Sale in Suratwala Mark Plazzo, Hinjawadi Pune",Carpet Area721 sqftUnder ConstructionPoss. by Dec '27TransactionNew PropertyBathroom1Balcony1
Nyati Emerald,₹1.75 Cr ,"3 BHK Apartment for Sale in Nyati Emerald, Baner Pune",Carpet Area1213 sqftUnder ConstructionPoss. by May '27TransactionNew PropertyFurnishingUnfurnishedSocietyNyati EmeraldBathroom3Balcony2
Godrej Ivara,₹3.09 Cr ,"4 BHK Apartment for Sale in Godrej Ivara, Kharadi Pune",Carpet Area1550 sqftUnder ConstructionPoss. by Dec '31TransactionNew PropertyFurnishingUnfurnishedSocietyGodrej IvaraBathroom4Balcony4
Green Ladder Skyora,₹1.70 Cr ,"3 BHK Apartment for Sale in Green Ladder Skyora, Bavdhan Pune",Carpet Area1282 sqftUnder ConstructionPoss. by Jun '29TransactionNew PropertyFurnishingUnfurnishedSocietyGreen Ladder SkyoraBathroom3Balcony3
Shree Venkatesh Midori Towers Phase II,₹1.53 Cr ,"3 BHK Apartment for Sale in Shree Venkatesh Midori Towers Phase II, Pimple Nilakh, Pimpri Chinchwad Pune",Carpet Area1159 sqftUnder ConstructionPoss. by Sep '27TransactionNew PropertyFurnishingUnfurnishedSocietyShree Venkatesh Midori Towers Phase IIBathroom3Balcony2
Kasturi The Balmoral Towers,₹6.66 Cr ,"6 BHK Apartment for Sale in Kasturi The Balmoral Towers, Balewadi Pune",Carpet Area3742 sqftUnder ConstructionPoss. by Dec '28TransactionNew PropertyFurnishingUnfurnishedSocietyKasturi The Balmoral TowersBathroom5Balcony2
Rohan Harita,₹2.12 Cr ,"4 BHK Apartment for Sale in Rohan Harita, Tathawade Pimpri Chinchwad Pune",Carpet Area1740 sqftUnder ConstructionPoss. by Dec '27TransactionNew PropertyFurnishingUnfurnishedSocietyRohan HaritaBathroom4Balcony3
Kumar Parth Towers,₹1.60 Cr ,"3 BHK Apartment for Sale in Kumar Parth Towers, Baner Pune",Carpet Area1177 sqftUnder ConstructionPoss. by Dec '26TransactionNew PropertyFurnishingUnfurnishedSocietyKumar Parth TowersBathroom3Balcony2
Kolte Patil 24K Altura,₹2.66 Cr ,"3 BHK Apartment for Sale in Kolte Patil 24K Altura, Baner Pune",Carpet Area1371 sqftUnder ConstructionPoss. by Mar '28TransactionNew PropertyFurnishingUnfurnishedSocietyKolte Patil 24K AlturaBathroom3Balcony2
Mantra Mayfair River Residences,₹2.30 Cr ,"4 BHK Apartment for Sale in Mantra Mayfair River Residences, Mundhwa Pune",Carpet Area1624 sqftUnder ConstructionPoss. by Jun '26TransactionNew PropertyFurnishingUnfurnishedSocietyMantra Mayfair River ResidencesBathroom4Balcony3
,₹2.22 Cr ,"4 BHK Apartment for Sale in Shapoorji Pallonji Wildernest at SP Kingstown, Hadapsar Pune",Carpet Area1909 sqftUnder ConstructionPoss. by Jun '27TransactionNew PropertyFurnishingUnfurnishedSocietyShapoorji Pallonji Wildernest at SP KingstownCar Parking1 CoveredBathroom5
Rising Kohinoor Business Tower,₹3 Cr ,"  Shop for Sale in Rising Kohinoor Business Tower, Mundhwa Pune",Carpet Area1498 sqftUnder ConstructionPoss. by Dec '28TransactionNew PropertyBathroom2
Avenue Promenade,₹4.55 Cr ,"  Office Space for Sale in Avenue Promenade, Baner Pune",Carpet Area2130 sqftUnder ConstructionPoss. by Dec '27TransactionNew PropertyBathroom1
Ranawat  Aura Aiwa,₹1.52 Cr ,"4 BHK Apartment for Sale in Ranawat  Aura Aiwa, Mohammed Wadi Pune",Carpet Area1543 sqftUnder ConstructionPoss. by Dec '28TransactionNew PropertyFurnishingUnfurnishedSocietyRanawat  Aura AiwaBathroom4Balcony2
Intofinity Kohinoor Satori Mahalunge,₹3.19 Cr ,"4 BHK Apartment for Sale in Intofinity Kohinoor Satori Mahalunge, Mahalunge Pune",Carpet Area2326 sqftUnder ConstructionPoss. by Dec '28TransactionNew PropertyFurnishingUnfurnishedSocietyIntofinity Kohinoor Satori MahalungeBathroom4Balcony2
Lodha Camelot,₹2.80 Cr ,"4 BHK Apartment for Sale in Lodha Camelot, Wagholi Pune",Carpet Area1668 sqftUnder ConstructionPoss. by Mar '30TransactionNew PropertyFurnishingUnfurnishedSocietyLodha CamelotBathroom4Balcony4
Kolte Patil 24k Sereno,₹3.21 Cr ,"3 BHK Apartment for Sale in Kolte Patil 24k Sereno, Baner Pune",Carpet Area1674 sqftUnder ConstructionPoss. by Dec '29TransactionNew PropertyFurnishingUnfurnishedSocietyKolte Patil 24k SerenoBathroom3Balcony3
Lodha Panache,₹1.62 Cr ,"3 BHK Apartment for Sale in Lodha Panache, Hinjawadi Pune",Carpet Area1088 sqftUnder ConstructionPoss. by Jun '27TransactionNew PropertyFurnishingUnfurnishedSocietyLodha PanacheBathroom3Balcony2
Dosti Greenscapes,₹1.65 Cr ,"4 BHK Apartment for Sale in Dosti Greenscapes, Hadapsar Pune",Carpet Area1395 sqftUnder ConstructionPoss. by Dec '27TransactionNew PropertyFurnishingUnfurnishedSocietyDosti GreenscapesBathroom4Balcony4
Sukhwani Minerva,₹2.40 Cr ,"4 BHK Apartment for Sale in Sukhwani Minerva, Pimple Saudagar, Pimpri Chinchwad Pune",Carpet Area1474 sqftUnder ConstructionPoss. by Dec '27TransactionNew PropertyFurnishingUnfurnishedSocietySukhwani MinervaBathroom4Balcony4
The Greenfront at Godrej Park World,₹1.63 Cr ,"3 BHK Apartment for Sale in The Greenfront at Godrej Park World, Phase 1 Hinjewadi Rajiv Gandhi Infotech Park Pune",Carpet Area1198 sqftUnder ConstructionPoss. by Dec '29TransactionNew PropertyFurnishingUnfurnishedSocietyThe Greenfront at Godrej Park WorldBathroom3Balcony2
Kumar Parc Residences A2,₹2.19 Cr ,"4 BHK Apartment for Sale in Kumar Parc Residences A2, Magarpatta Pune",Carpet Area1674 sqftUnder ConstructionPoss. by May '28TransactionNew PropertyFurnishingUnfurnishedSocietyKumar Parc Residences A2Bathroom4Balcony3
Kumar Surakasha,₹1.45 Cr ,3 BHK Ready to Occupy Flat for sale  in Kumar Surakasha  Kondhwa,"Carpet Area1450 sqftStatusReady to MoveFloor2 out of 7TransactionResaleFurnishingSemi-FurnishedoverlookingGarden/Park, PoolSocietyKumar SurakashaOwnershipFreeholdBathroom3Balcony1"
Terraza,₹3.95 Cr ,3 BHK Ready to Occupy Flat for sale  in Terraza  Anand Park Aundh,"Carpet Area1750 sqftStatusReady to MoveFloor4 out of 4TransactionResaleFurnishingSemi-FurnishedfacingWestoverlookingGarden/Park, Main RoadSocietyTerrazaOwnershipCo-operative SocietyCar Parking3 CoveredBathroom4Balcony4"
Ganga Liviano,₹1.57 Cr ,2 BHK Ready to Occupy Flat for sale  in Ganga Liviano  Kharadi,Carpet Area870 sqftStatusReady to MoveFloor9 out of 13TransactionResaleFurnishingFurnishedfacingWestoverlookingMain RoadSocietyGanga LivianoOwnershipCo-operative SocietyCar Parking901 CoveredBathroom2
Venkatesh Graffiti,₹85 Lac ,2 BHK Ready to Occupy Flat for sale  in Venkatesh Graffiti  Keshav Nagar Mundhwa,Carpet Area785 sqftStatusReady to MoveFloor8 out of 11TransactionResaleFurnishingSemi-FurnishedfacingEastSocietyVenkatesh GraffitiOwnershipCo-operative SocietyBathroom2Balcony1
Vilas Prime Panache C Wing,₹1.80 Cr ,2 BHK Ready to Occupy Flat for sale  in Vilas Prime Panache C Wing  Baner,Carpet Area946 sqftStatusReady to MoveFloor3 out of 6TransactionResaleFurnishingSemi-FurnishedfacingNorth - EastoverlookingGarden/ParkSocietyVilas Prime Panache C WingOwnershipCo-operative SocietyCar Parking1 CoveredBathroom2Balcony2
Bharati Vihar,₹98 Lac ,2 BHK Ready to Occupy Flat for sale  in Bharati Vihar  Katraj,Super Area1097 sqftStatusReady to MoveFloor1 out of 6TransactionResaleFurnishingSemi-FurnishedfacingEastoverlookingMain RoadSocietyBharati ViharOwnershipCo-operative SocietyBathroom2Balcony1
Gayatree LandMark Phase 2,₹1.10 Cr ,"2 BHK Ready to Occupy Flat for sale  in Gayatree LandMark Phase 2  Thergaon, Pimpri Chinchwad",Super Area798 sqftStatusReady to MoveFloor2 out of 8TransactionResaleFurnishingFurnishedSocietyGayatree LandMark Phase 2Bathroom2
Royal cataleya,₹56 Lac ,"2 BHK Ready to Occupy Flat for sale  in Royal cataleya  Kiwale, Dehu Road","Carpet Area680 sqftStatusReady to MoveFloor3 out of 4TransactionResaleFurnishingUnfurnishedfacingEastoverlookingGarden/Park, Main RoadSocietyRoyal cataleyaOwnershipCo-operative SocietyCar Parking301 CoveredBathroom2Balcony2"
J S Chandrabhaga Residency,₹47.5 Lac ,1 BHK Ready to Occupy Flat for sale  in J S Chandrabhaga Residency  Rahatani,Carpet Area372 sqftStatusReady to MoveFloor2 out of 3TransactionResaleFurnishingFurnishedfacingEastSocietyJ S Chandrabhaga ResidencyOwnershipPower Of AttorneyBathroom2Balcony1
Pristine Pacific 1,₹46 Lac ,1 BHK Ready to Occupy Flat for sale  in Pristine Pacific 1  Ambegaon,"Super Area650 sqftStatusReady to MoveFloor5 out of 11TransactionResaleFurnishingUnfurnishedfacingEastoverlookingPool, Garden/Park, Main RoadSocietyPristine Pacific 1OwnershipCo-operative SocietyBathroom2Balcony2"
Pristine Pacific 1,₹48 Lac ,1 BHK Ready to Occupy Flat for sale  in Pristine Pacific 1  Katraj Ambegaon BK Road,"Carpet Area648 sqftStatusReady to MoveFloor5 out of 11TransactionResaleFurnishingUnfurnishedfacingEastoverlookingMain Road, Garden/ParkSocietyPristine Pacific 1OwnershipCo-operative SocietyBathroom2Balcony2"
Gada Anutham,₹1.60 Cr ,3 BHK Ready to Occupy Flat for sale  in Gada Anutham  Hadapsar,"Carpet Area1050 sqftStatusReady to MoveFloor4 out of 20TransactionNew PropertyFurnishingSemi-FurnishedfacingNorth - WestoverlookingGarden/Park, Main RoadSocietyGada AnuthamOwnershipCo-operative SocietyBathroom3Balcony2"
Mark Nirvana,₹60 Lac ,2 BHK Ready to Occupy Flat for sale  in Mark Nirvana  Kamshet,Carpet Area700 sqftStatusReady to MoveFloorGround out of 2TransactionNew PropertyFurnishingSemi-FurnishedfacingNorth - EastoverlookingGarden/ParkSocietyMark NirvanaOwnershipCo-operative SocietyBathroom2Balcony1
Vasant Utsav,₹74 Lac ,2 BHK Ready to Occupy Flat for sale  in Vasant Utsav  Hinjawadi,Super Area892 sqftStatusReady to MoveFloor1 out of 4TransactionResaleFurnishingSemi-FurnishedSocietyVasant UtsavBathroom2
,₹3.70 Cr ,3 BHK Ready to Occupy Flat for sale  Pandurang Colony,"Carpet Area1350 sqftStatusReady to MoveFloor3 out of 6TransactionResaleFurnishingUnfurnishedfacingEastoverlookingGarden/Park, Main RoadCar Parking1 CoveredBathroom3Balcony1"
Xrbia Sneh Properties,₹15 Lac ,"2 BHK Ready to Occupy Flat for sale  in Xrbia Sneh Properties  Marunji, Hinjawadi",Carpet Area450 sqftStatusReady to MoveFloor6 out of 11TransactionNew PropertyFurnishingUnfurnishedfacingNorth - EastoverlookingGarden/ParkSocietyXrbia Sneh PropertiesOwnershipCo-operative SocietyBathroom2Balcony1
Shiv Sai Paradise,₹68 Lac ,"2 BHK Ready to Occupy Flat for sale  in Shiv Sai Paradise  Punawale, Pimpri Chinchwad",Carpet Area730 sqftStatusReady to MoveFloor1 out of 10TransactionResaleFurnishingSemi-FurnishedoverlookingGarden/ParkSocietyShiv Sai ParadiseOwnershipFreeholdBathroom2Balcony1
,₹50 Lac ,"1 BHK Ready to Occupy Flat for sale  Budhwar Peth, Shivaji Road",Carpet Area500 sqftStatusReady to MoveFloor3 out of 5TransactionResaleFurnishingUnfurnishedfacingEastoverlookingMain RoadOwnershipCo-operative SocietyBathroom1
,₹75 Lac ,2 BHK Ready to Occupy Flat for sale  Hinjawadi Wakad Road,Carpet Area643 sqftStatusReady to MoveFloor9 out of 16TransactionResaleFurnishingFurnishedoverlookingGarden/ParkOwnershipCo-operative SocietyBathroom2Balcony1
Ganga Fernhill,₹38 Lac ,1 BHK Ready to Occupy Flat for sale  in Ganga Fernhill  Undri,Super Area625 sqftStatusReady to MoveFloor8 out of 12TransactionResaleFurnishingUnfurnishedfacingEastoverlookingMain RoadSocietyGanga FernhillOwnershipCo-operative SocietyBathroom2Balcony2
Nakshatra I Land,₹42 Lac ,1 BHK Ready to Occupy Flat for sale  in Nakshatra I Land  Alandi Road,Carpet Area471 sqftStatusReady to MoveFloor1 out of 12TransactionResaleFurnishingUnfurnishedSocietyNakshatra I LandCar Parking107 CoveredBathroom1Balcony1
Swami Samruddhi,₹50 Lac ,1 BHK Ready to Occupy Flat for sale  in Swami Samruddhi  Undri,Carpet Area427 sqftStatusReady to MoveFloor4 out of 6TransactionResaleFurnishingSemi-FurnishedfacingEastoverlookingMain RoadSocietySwami SamruddhiBathroom1Balcony3
Gagan Emerald,₹85 Lac ,"3 BHK Ready to Occupy Flat for sale  in Gagan Emerald  Meeta Nagar, Kondhwa",Carpet Area1094 sqftStatusReady to MoveFloor10 out of 11TransactionResaleFurnishingUnfurnishedSocietyGagan EmeraldBathroom3
Gagan Emerald,₹85 Lac ,3 BHK Ready to Occupy Flat for sale  in Gagan Emerald  Kondhwa,Carpet Area1094 sqftStatusReady to MoveFloor10 out of 11TransactionResaleFurnishingUnfurnishedSocietyGagan EmeraldBathroom3
Gagan Horizon Akanksha,₹20 Lac ,1 BHK Ready to Occupy Flat for sale  in Gagan Horizon Akanksha  Uruli Kanchan,Carpet Area396 sqftStatusReady to MoveFloor5 out of 7TransactionResaleFurnishingUnfurnishedSocietyGagan Horizon AkankshaBathroom1
Gagan Horizon Akanksha,₹25 Lac ,1 BHK Ready to Occupy Flat for sale  in Gagan Horizon Akanksha  Uruli Kanchan,Carpet Area414 sqftStatusReady to MoveFloor4 out of 5TransactionResaleFurnishingFurnishedSocietyGagan Horizon AkankshaBathroom1
,₹36 Lac ,1 BHK Ready to Occupy Flat for sale  NIBM Annexe Area,Carpet Area441 sqftStatusReady to MoveFloor11 out of 11TransactionResaleFurnishingSemi-FurnishedBathroom1
Gagan 33,₹3.75 Cr ,3 BHK Ready to Occupy Flat for sale  in Gagan 33  Baner,Carpet Area3102 sqftStatusReady to MoveFloor5 out of 5TransactionResaleFurnishingUnfurnishedSocietyGagan 33Bathroom4
Estado Presidential,₹2.10 Cr ,"4 BHK Ready to Occupy Flat for sale  in Estado Presidential  Kiwale, Dehu Road",Carpet Area2414 sqftStatusReady to MoveFloor3 out of 6TransactionResaleFurnishingUnfurnishedSocietyEstado PresidentialBathroom5
Skyi Songbirds,₹90 Lac ,"2 BHK Ready to Occupy Flat for sale  in Skyi Songbirds  Bhugaon, Bavdhan",Carpet Area1008 sqftStatusReady to MoveFloor10 out of 11TransactionResaleFurnishingSemi-FurnishedSocietySkyi SongbirdsBathroom2
,₹2.25 Cr ,"4 BHK Apartment for Sale in Aristo Anantam, Chharodi Ahmedabad",Super Area387 sqyrdUnder ConstructionPoss. by Dec '27TransactionNew PropertyFurnishingUnfurnishedSocietyAristo AnantamCar Parking1 CoveredBathroom4
,₹1.02 Cr ,"3 BHK Apartment for Sale in Propus Clara, Vastral Ahmedabad",Super Area307 sqyrdStatusReady to MoveTransactionNew PropertyFurnishingUnfurnishedSocietyPropus ClaraCar Parking1 CoveredBathroom3
,₹1.04 Cr ,"3 BHK Apartment for Sale in Shilp Serene, Shilaj Ahmedabad",Carpet Area968 sqftStatusReady to MoveTransactionNew PropertyFurnishingUnfurnishedSocietyShilp SereneBathroom3
Shafalya Aurum Legacy,₹1.89 Cr ,"4 BHK Apartment for Sale in Shafalya Aurum Legacy, Science City Ahmedabad",Carpet Area1960 sqftTransactionNew PropertyFurnishingUnfurnishedSocietyShafalya Aurum LegacyBathroom4Balcony1
Trogon Centre Court,₹2.77 Cr ,"4 BHK Apartment for Sale in Trogon Centre Court, Vaishnodevi Circle Ahmedabad",Carpet Area2345 sqftUnder ConstructionPoss. by Mar '28TransactionNew PropertyFurnishingUnfurnishedSocietyTrogon Centre CourtBathroom4Balcony1
Prime Signor Heritage,₹7.9 Lac ,"3 BHK Apartment for Sale in Prime Signor Heritage, Zundal Ahmedabad",Super Area216 sqftUnder ConstructionPoss. by Mar '28TransactionNew PropertyFurnishingUnfurnishedSocietyPrime Signor HeritageBathroom2Balcony1
SHELADIA TREETOP,₹5 Cr ,"4 BHK Apartment for Sale in SHELADIA TREETOP, Thaltej Ahmedabad",Super Area6262 sqftUnder ConstructionPoss. by Mar '27TransactionNew PropertyFurnishingUnfurnishedSocietySHELADIA TREETOPBathroom4Balcony2
Shivalik Green View,₹1.57 Cr ,"3 BHK Apartment for Sale in Shivalik Green View, Shantigram Ahmedabad",Carpet Area1284 sqftUnder ConstructionPoss. by Dec '26TransactionNew PropertyFurnishingUnfurnishedSocietyShivalik Green ViewBathroom3Balcony1
Sun Skyview,₹72.7 Lac ,"3 BHK Apartment for Sale in Sun Skyview, Shela Ahmedabad",Carpet Area931 sqftUnder ConstructionPoss. by Dec '27TransactionNew PropertyFurnishingUnfurnishedSocietySun SkyviewBathroom3Balcony1
Safal Riviera Aspire,₹1.64 Cr ,"3 BHK Apartment for Sale in Safal Riviera Aspire, Shela Ahmedabad",Carpet Area1507 sqftTransactionNew PropertyFurnishingUnfurnishedSocietySafal Riviera AspireBathroom3Balcony1
Aristo Avira,₹1.49 Cr ,"3 BHK Apartment for Sale in Aristo Avira, Chharodi Ahmedabad",Carpet Area1057 sqftUnder ConstructionPoss. by Mar '30TransactionNew PropertyFurnishingUnfurnishedSocietyAristo AviraBathroom3Balcony1
Shilp Sacred,₹3.16 Cr ,"  Office Space for Sale in Shilp Sacred, Ambli Ahmedabad",Carpet Area2235 sqftUnder ConstructionPoss. by May '30TransactionNew PropertyBathroom1
Planet,₹73.1 Lac ,"3 BHK Apartment for Sale in Planet, Shela Ahmedabad",Carpet Area968 sqftUnder ConstructionPoss. by Dec '28TransactionNew PropertyFurnishingUnfurnishedSocietyPlanetBathroom3Balcony1
D R Praharsh Serena,₹87 Lac ,"3 BHK Apartment for Sale in D R Praharsh Serena, South Bopal, Bopal Ahmedabad",Super Area1790 sqftUnder ConstructionPoss. by Oct '26TransactionNew PropertyFurnishingUnfurnishedSocietyD R Praharsh SerenaBathroom3Balcony1
Aristo Avira,₹1.47 Cr ,"3 BHK Apartment for Sale in Aristo Avira, Chharodi Ahmedabad",Carpet Area1055 sqftUnder ConstructionPoss. by Mar '30TransactionNew PropertyFurnishingUnfurnishedSocietyAristo AviraBathroom3Balcony1
Goyal Riviera Prestige,₹3.22 Cr ,"5 BHK Apartment for Sale in Goyal Riviera Prestige, Makarba Ahmedabad",Carpet Area3705 sqftUnder ConstructionPoss. by Jul '26TransactionNew PropertyFurnishingUnfurnishedSocietyGoyal Riviera PrestigeBathroom8Balcony3
Vishwanath Maher Select,₹85 Lac ,"3 BHK Apartment for Sale in Vishwanath Maher Select, Shela Ahmedabad",Carpet Area952 sqftStatusReady to MoveTransactionNew PropertyFurnishingUnfurnishedSocietyVishwanath Maher SelectBathroom3Balcony1
Turquoise Re45 ,₹2.26 Cr ,"4 BHK Apartment for Sale in Turquoise Re45 , Shantipura Circle Ahmedabad",Carpet Area2200 sqftUnder ConstructionPoss. by Dec '29TransactionNew PropertyFurnishingUnfurnishedSocietyTurquoise Re45Bathroom4Balcony1
Adani Amaris,₹3.18 Cr ,"4 BHK Apartment for Sale in Adani Amaris, Jagatpur Ahmedabad",Carpet Area2470 sqftUnder ConstructionPoss. by Jul '29TransactionNew PropertyFurnishingUnfurnishedSocietyAdani AmarisBathroom4Balcony3
Swati Premier,₹1.90 Cr ,"4 BHK Apartment for Sale in Swati Premier, Shantipura Circle Ahmedabad",Carpet Area1824 sqftUnder ConstructionPoss. by Dec '28TransactionNew PropertyFurnishingUnfurnishedSocietySwati PremierBathroom4Balcony4
Goyal Orchid Regal,₹2.09 Cr ,"3 BHK Apartment for Sale in Goyal Orchid Regal, Sanand Sarkhej Road Ahmedabad",Super Area4287 sqftUnder ConstructionPoss. by Jun '27TransactionNew PropertyFurnishingUnfurnishedSocietyGoyal Orchid RegalBathroom4Balcony2
Adani Belrosa,₹6.10 Cr ,"6 BHK Apartment for Sale in Adani Belrosa, Shantigram Ahmedabad",Super Area6911 sqftUnder ConstructionPoss. by May '30TransactionNew PropertyFurnishingUnfurnishedSocietyAdani BelrosaBathroom8Balcony3
Aarav Elenza Infinium,₹1.75 Cr ,"4 BHK Apartment for Sale in Aarav Elenza Infinium, Bopal Ahmedabad",Super Area3900 sqftUnder ConstructionPoss. by Dec '29TransactionNew PropertyFurnishingUnfurnishedSocietyAarav Elenza InfiniumBathroom4Balcony1
The Riseonic,₹1.25 Cr ,"3 BHK Apartment for Sale in The Riseonic, Gota Ahmedabad",Carpet Area1095 sqftTransactionNew PropertyFurnishingUnfurnishedSocietyThe RiseonicBathroom3Balcony3
Saiyamm Apricus 2,₹2.60 Cr ,"4 BHK Apartment for Sale in Saiyamm Apricus 2, Shilaj Ahmedabad",Carpet Area2200 sqftUnder ConstructionPoss. by Dec '26TransactionNew PropertyFurnishingUnfurnishedSocietySaiyamm Apricus 2Bathroom4Balcony2
Aristo The Opus And Aatmantan,₹2.89 Cr ,"4 BHK Apartment for Sale in Aristo The Opus And Aatmantan, Gota Ahmedabad",Super Area4455 sqftUnder ConstructionPoss. by Dec '28TransactionNew PropertyFurnishingUnfurnishedSocietyAristo The Opus And AatmantanBathroom4Balcony1
Safal Niwa,₹1.50 Cr ,"4 BHK Apartment for Sale in Safal Niwa, Shela Ahmedabad",Carpet Area1452 sqftTransactionNew PropertyFurnishingUnfurnishedSocietySafal NiwaBathroom4Balcony1
Sheladia Artefino,₹2.80 Cr ,"4 BHK Apartment for Sale in Sheladia Artefino, Thaltej Ahmedabad",Carpet Area2200 sqftUnder ConstructionPoss. by Dec '27TransactionNew PropertyFurnishingUnfurnishedSocietySheladia ArtefinoBathroom4Balcony1
Sharanya Altura,₹86.1 Lac ,"3 BHK Apartment for Sale in Sharanya Altura, Shilaj Ahmedabad",Carpet Area968 sqftUnder ConstructionPoss. by Dec '27TransactionNew PropertyFurnishingUnfurnishedSocietySharanya AlturaBathroom3Balcony1
Times Trinity,₹5.75 Cr ,"5 BHK Penthouse for Sale in Times Trinity, Thaltej Ahmedabad",Carpet Area4221 sqftUnder ConstructionPoss. by Dec '30TransactionNew PropertyFurnishingUnfurnishedSocietyTimes TrinityCar Parking1 OpenBathroom5Balcony1
kanjur Vinayak Apartment,₹1.45 Cr ,2 BHK Ready to Occupy Flat for sale  in kanjur Vinayak Apartment  Bhandup East,Carpet Area580 sqftStatusReady to MoveFloor2 out of 8TransactionResaleFurnishingSemi-FurnishedfacingWestSocietykanjur Vinayak ApartmentOwnershipFreeholdCar Parking1 CoveredBathroom2
,₹1.10 Cr ,1 BHK Ready to Occupy Flat for sale  Jankalyan Nagar,Carpet Area455 sqftStatusReady to MoveFloor7 out of 19TransactionNew PropertyFurnishingFurnishedfacingEastoverlookingMain RoadOwnershipFreeholdBathroom2
Tista Arpit,₹85 Lac ,1 BHK Ready to Occupy Flat for sale  in Tista Arpit  Andheri East,Carpet Area354 sqftStatusReady to MoveFloor8 out of 8TransactionResaleFurnishingUnfurnishedSocietyTista ArpitBathroom1
Rachna Garden,₹2.25 Cr ,3 BHK Ready to Occupy Flat for sale  in Rachna Garden  Mulund West,Carpet Area870 sqftStatusReady to MoveFloor9 out of 17TransactionResaleFurnishingSemi-FurnishedSocietyRachna GardenBathroom3Balcony3
,₹2.10 Cr ,2 BHK Ready to Occupy Flat for sale  Borivali West,"Carpet Area657 sqftStatusReady to MoveFloor15 out of 15TransactionNew PropertyFurnishingUnfurnishedoverlookingMain Road, Garden/ParkBathroom2"
JP North Aviva,₹62 Lac ,1 BHK Ready to Occupy Flat for sale  in JP North Aviva  Mira Road East,"Carpet Area360 sqftStatusReady to MoveFloor16 out of 36TransactionResaleFurnishingSemi-FurnishedfacingSouthoverlookingPool, Garden/Park, Main RoadSocietyJP North AvivaOwnershipCo-operative SocietyBathroom2Balcony3"
Madhuban Township,₹70 Lac ,2 BHK Ready to Occupy Flat for sale  in Madhuban Township  Vasai East,Carpet Area785 sqftStatusReady to MoveFloor2 out of 5TransactionResaleFurnishingSemi-FurnishedSocietyMadhuban TownshipBathroom2Balcony2
Thakur Prasad Apartment,₹82 Lac ,1 BHK Ready to Occupy Flat for sale  in Thakur Prasad Apartment  Chunabhatti,Super Area360 sqftStatusReady to MoveFloor2 out of 6TransactionResaleFurnishingUnfurnishedSocietyThakur Prasad ApartmentBathroom1
,₹3.25 Cr ,2 BHK Ready to Occupy Flat for sale  Borivali East,"Super Area750 sqftStatusReady to MoveFloor10 out of 11TransactionResaleFurnishingUnfurnishedfacingWestoverlookingGarden/Park, Pool, Main RoadOwnershipCo-operative SocietyBathroom2"
,₹98 Lac , Studio Apartment for sale  Netaji Subhash Nagar,Carpet Area290 sqftStatusReady to MoveFloorGround out of 7TransactionResaleFurnishingSemi-FurnishedfacingSouthoverlookingMain RoadOwnershipFreeholdBathroom1
,₹1 Cr ,1 BHK Ready to Occupy Flat for sale  Vikhroli East,Super Area400 sqftStatusReady to MoveFloor8 out of 21TransactionResaleFurnishingFurnishedBathroom2
Heera Panna,₹87 Lac ,2 BHK Ready to Occupy Flat for sale  in Heera Panna  Andheri West,Carpet Area700 sqftStatusReady to MoveFloor7 out of 7TransactionResaleFurnishingSemi-FurnishedSocietyHeera PannaBathroom2
,₹2.30 Cr ,1 BHK Ready to Occupy Flat for sale  Meghwadi Lal Baug,Carpet Area550 sqftStatusReady to MoveFloor4 out of 6TransactionResaleFurnishingSemi-FurnishedBathroom1
Satnam Leela,₹2.40 Cr ,2 BHK Ready to Occupy Flat for sale  in Satnam Leela  Sindhi Society Chembur,Carpet Area650 sqftStatusReady to MoveFloor5 out of 10TransactionResaleFurnishingSemi-FurnishedfacingNorth - EastoverlookingMain RoadSocietySatnam LeelaOwnershipFreeholdCar Parking1 CoveredBathroom2
Star Sky Sayba Heights,₹85 Lac ,1 BHK Ready to Occupy Flat for sale  in Star Sky Sayba Heights  Kurla East,Carpet Area400 sqftStatusReady to MoveFloor3 out of 16TransactionResaleFurnishingSemi-FurnishedSocietyStar Sky Sayba HeightsBathroom1
,₹55 Lac ,2 BHK Ready to Occupy Flat for sale  Naigaon Station Road,Carpet Area600 sqftStatusReady to MoveFloor2 out of 2TransactionResaleFurnishingFurnishedfacingSouth - EastoverlookingMain RoadOwnershipFreeholdBathroom2
,₹75 Lac ,1 BHK Ready to Occupy Flat for sale  Poisar,Carpet Area35 sqmStatusReady to MoveFloor4 out of 4TransactionResaleFurnishingSemi-FurnishedoverlookingMain RoadOwnershipFreeholdBathroom1
,₹23.5 Lac ,1 BHK Ready to Occupy Flat for sale Orchid golden crown Taloja Mumbai,Carpet Area380 sqftStatusReady to MoveFloor12 out of 12TransactionResaleFurnishingUnfurnishedfacingWestoverlookingGarden/ParkOwnershipCo-operative SocietyBathroom2
Bhoomi Gokul,₹2.30 Cr ,2 BHK Ready to Occupy Flat for sale  in Bhoomi Gokul  Goregaon East,Carpet Area785 sqftStatusReady to MoveFloor2 out of 11TransactionResaleFurnishingFurnishedSocietyBhoomi GokulBathroom2
Prathampad Apartments,₹1.90 Cr ,2 BHK Ready to Occupy Flat for sale  in Prathampad Apartments  Evershine Nagar,Carpet Area720 sqftStatusReady to MoveFloor13 out of 15TransactionResaleFurnishingUnfurnishedfacingEastoverlookingGarden/ParkSocietyPrathampad ApartmentsOwnershipCo-operative SocietyCar Parking1 CoveredBathroom2Balcony3
,₹1.75 Cr ,2 BHK Ready to Occupy Flat for sale  Borivali East,Carpet Area721 sqftStatusReady to MoveFloor1 out of 4TransactionResaleFurnishingSemi-FurnishedoverlookingGarden/ParkOwnershipCo-operative SocietyCar Parking1 OpenBathroom2Balcony1
,₹75 Lac ,1 BHK Ready to Occupy Flat for sale  Tardeo Road,Carpet Area225 sqftStatusReady to MoveFloor2 out of 7TransactionResaleFurnishingFurnishedoverlookingMain RoadOwnershipCo-operative SocietyBathroom2Balcony2
,₹32 Lac ,2 BHK Ready to Occupy Flat for sale  Pydhonie,"Carpet Area700 sqftStatusReady to MoveFloor1 out of 3TransactionResaleFurnishingUnfurnishedfacingEastoverlookingGarden/Park, Main RoadOwnershipFreeholdBathroom2Balcony3"
Gokuldham,₹1.80 Cr ,1 BHK Ready to Occupy Flat for sale  in Gokuldham  Goregaon East,Carpet Area450 sqftStatusReady to MoveFloor4 out of 4TransactionResaleFurnishingFurnishedSocietyGokuldhamOwnershipCo-operative SocietyBathroom1Balcony1
St Anthony Apartment,₹3.60 Cr ,2 BHK Ready to Occupy Flat for sale  in St Anthony Apartment  Mahim West,Carpet Area720 sqftStatusReady to MoveFloor2 out of 9TransactionResaleFurnishingSemi-FurnishedfacingEastSocietySt Anthony ApartmentOwnershipFreeholdBathroom2
Classic View CHS,₹1.75 Cr ,2 BHK Ready to Occupy Flat for sale  in Classic View CHS  Kandarpada,"Carpet Area630 sqftStatusReady to MoveFloorLower Basement out of 9TransactionResaleFurnishingSemi-FurnishedfacingNorth - WestoverlookingGarden/Park, Main RoadSocietyClassic View CHSOwnershipFreeholdBathroom2Balcony2"
Rivali Park,₹4.30 Cr ,3 BHK Ready to Occupy Flat for sale  in Rivali Park  Borivali East,Carpet Area1296 sqftStatusReady to MoveFloor18 out of 19TransactionResaleFurnishingFurnishedSocietyRivali ParkBathroom3
Evershine Millenium Paradise,₹1.80 Cr ,2 BHK Ready to Occupy Flat for sale  in Evershine Millenium Paradise  Kandivali East,Carpet Area583 sqftStatusReady to MoveFloor5 out of 8TransactionResaleFurnishingUnfurnishedSocietyEvershine Millenium ParadiseBathroom2
Evershine Millenium Paradise,₹2.90 Cr ,2 BHK Ready to Occupy Flat for sale  in Evershine Millenium Paradise  Kandivali East,Carpet Area756 sqftStatusReady to MoveFloor8 out of 9TransactionResaleFurnishingFurnishedSocietyEvershine Millenium ParadiseBathroom3
Evershine Green,₹3.30 Cr ,3 BHK Ready to Occupy Flat for sale  in Evershine Green  Andheri West,Carpet Area972 sqftStatusReady to MoveFloor3 out of 14TransactionResaleFurnishingSemi-FurnishedSocietyEvershine GreenBathroom3
,₹4.19 Cr ,"4 BHK Apartment for Sale in Satyam Valencia, Kharghar Navi Mumbai",Carpet Area1860 sqftUnder ConstructionPoss. by Dec '27TransactionNew PropertyFurnishingUnfurnishedSocietySatyam ValenciaBathroom4Balcony4
,₹2.24 Cr ,"  Office Space for Sale in Plutonium Business Park, Turbhe Navi Mumbai",Carpet Area934 sqftUnder ConstructionPoss. by Jun '26TransactionNew PropertyBathroom1
,₹1.65 Cr ,2 BHK Apartment for Sale in Ulwe Navi Mumbai,"Carpet Area744 sqftUnder ConstructionPoss. by Dec '26TransactionNew PropertyFurnishingSemi-FurnishedfacingEastoverlookingGarden/Park, Pool, Main RoadOwnershipFreeholdBathroom2Balcony2"
,₹1.50 Cr ,2 BHK Apartment for Sale in Kharghar Navi Mumbai,"Carpet Area735 sqftUnder ConstructionPoss. by Dec '27TransactionNew PropertyFurnishingUnfurnishedfacingEastoverlookingGarden/Park, Pool, Main RoadOwnershipFreeholdBathroom2Balcony2"
Escaso Platinum Sicily,₹2.47 Cr ,"2 BHK Apartment for Sale in Escaso Platinum Sicily, Nerul Navi Mumbai",Carpet Area841 sqftUnder ConstructionPoss. by Dec '29TransactionNew PropertyFurnishingUnfurnishedSocietyEscaso Platinum SicilyBathroom2
Kamdhenu Crown,₹4.91 Cr ,"3 BHK Apartment for Sale in Kamdhenu Crown, Sanpada Navi Mumbai",Carpet Area1483 sqftUnder ConstructionPoss. by Dec '29TransactionNew PropertyFurnishingUnfurnishedSocietyKamdhenu CrownBathroom3Balcony2
Emperia Hill Crest,₹62.7 Lac ,"2 BHK Apartment for Sale in Emperia Hill Crest, Panvel Navi Mumbai",Carpet Area564 sqftTransactionNew PropertyFurnishingUnfurnishedSocietyEmperia Hill CrestBathroom2Balcony2
Kamdhenu Pinnacle,₹2.39 Cr ,"3 BHK Apartment for Sale in Kamdhenu Pinnacle, Nerul Navi Mumbai",Carpet Area881 sqftUnder ConstructionPoss. by Dec '29TransactionNew PropertyFurnishingUnfurnishedSocietyKamdhenu PinnacleBathroom3Balcony1
Surana Harmony,₹39 Lac ,"1 BHK Apartment for Sale in Surana Harmony, Dronagiri Navi Mumbai",Carpet Area437 sqftUnder ConstructionPoss. by Dec '31TransactionNew PropertyFurnishingUnfurnishedSocietySurana HarmonyBathroom1Balcony2
Godrej Varanya Phase 2,₹3.78 Cr ,"3 BHK Apartment for Sale in Godrej Varanya Phase 2, Kharghar Navi Mumbai",Super Area1121 sqftUnder ConstructionPoss. by Dec '30TransactionNew PropertyFurnishingUnfurnishedSocietyGodrej Varanya Phase 2Bathroom3Balcony3
Embassy Park Panvel,₹1.05 Cr ,"2 BHK Apartment for Sale in Embassy Park Panvel, Panvel Navi Mumbai",Carpet Area699 sqftUnder ConstructionPoss. by Mar '27TransactionNew PropertyFurnishingUnfurnishedSocietyEmbassy Park PanvelBathroom2Balcony2
Tricity Aura,₹70.1 Lac ,"2 BHK Apartment for Sale in Tricity Aura, Kalamboli Navi Mumbai",Carpet Area600 sqftUnder ConstructionPoss. by Dec '27TransactionNew PropertyFurnishingUnfurnishedSocietyTricity AuraBathroom2Balcony2
Ravriya Neelkanth Darshan,₹1.49 Cr ,"2 BHK Apartment for Sale in Ravriya Neelkanth Darshan, Kharghar Navi Mumbai",Carpet Area990 sqftUnder ConstructionPoss. by Dec '29TransactionNew PropertyFurnishingUnfurnishedSocietyRavriya Neelkanth DarshanBathroom2Balcony2
Shri Ashtavinayak Vinayak Vista,₹67.8 Lac ,"2 BHK Apartment for Sale in Shri Ashtavinayak Vinayak Vista, Taloja Navi Mumbai",Carpet Area1037 sqftTransactionNew PropertyFurnishingUnfurnishedSocietyShri Ashtavinayak Vinayak VistaBathroom2Balcony2
Techno Shreeji Destiny,₹1.30 Cr ,"  Office Space for Sale in Techno Shreeji Destiny, Nerul Navi Mumbai",Super Area840 sqftTransactionNew PropertyBathroom1
,₹47.9 Lac ,"1 BHK Apartment for Sale in Jindal Air, Panvel Navi Mumbai",Carpet Area328 sqftUnder ConstructionPoss. by Mar '27TransactionNew PropertyFurnishingUnfurnishedSocietyJindal AirCar Parking1 CoveredBathroom1
Dream Ikon,₹1.09 Cr ,"  Office Space for Sale in Dream Ikon, Nerul Navi Mumbai",Carpet Area675 sqftUnder ConstructionPoss. by Apr '27TransactionNew PropertyBathroom1
The Arena at Hiranandani Fortune city,₹3.05 Cr ,"4 BHK Apartment for Sale in The Arena at Hiranandani Fortune city, Panvel Navi Mumbai",Carpet Area1896 sqftUnder ConstructionPoss. by Jun '30TransactionNew PropertyFurnishingUnfurnishedSocietyThe Arena at Hiranandani Fortune cityBathroom4Balcony4
Goodwill Wisteria,₹7.21 Cr ,"6 BHK Apartment for Sale in Goodwill Wisteria, Vashi Navi Mumbai",Carpet Area2338 sqftUnder ConstructionPoss. by Dec '28TransactionNew PropertyFurnishingUnfurnishedSocietyGoodwill WisteriaBathroom7Balcony6
Paradise Sai World Empire,₹1.94 Cr ,"2 BHK Apartment for Sale in Paradise Sai World Empire, Kharghar Navi Mumbai",Carpet Area877 sqftUnder ConstructionPoss. by Dec '29TransactionNew PropertyFurnishingUnfurnishedSocietyParadise Sai World EmpireBathroom2Balcony2
Moreshwar 19 East,₹2.23 Cr ,"2 BHK Apartment for Sale in Moreshwar 19 East, Nerul Navi Mumbai",Carpet Area700 sqftTransactionNew PropertyFurnishingUnfurnishedSocietyMoreshwar 19 EastBathroom2Balcony2
Embassy Park Panvel,₹1.05 Cr ,"2 BHK Apartment for Sale in Embassy Park Panvel, Panvel Navi Mumbai",Carpet Area699 sqftUnder ConstructionPoss. by Mar '27TransactionNew PropertyFurnishingUnfurnishedSocietyEmbassy Park PanvelBathroom2Balcony2
Balaji Delta Palm Beach,₹3.79 Cr ,"3 BHK Apartment for Sale in Balaji Delta Palm Beach, Nerul Navi Mumbai",Carpet Area1499 sqftUnder ConstructionPoss. by Jun '31TransactionNew PropertyFurnishingUnfurnishedSocietyBalaji Delta Palm BeachBathroom3Balcony2
Satyam Next Level Kharghar Central,₹1.79 Cr ,"3 BHK Apartment for Sale in Satyam Next Level Kharghar Central, Kharghar Navi Mumbai",Carpet Area856 sqftUnder ConstructionPoss. by Dec '26TransactionNew PropertyFurnishingUnfurnishedSocietySatyam Next Level Kharghar CentralBathroom2Balcony2
Superb Maximus City,₹74.1 Lac ,"2 BHK Apartment for Sale in Superb Maximus City, Panvel Navi Mumbai",Carpet Area706 sqftUnder ConstructionPoss. by Dec '29TransactionNew PropertyFurnishingUnfurnishedSocietySuperb Maximus CityBathroom2Balcony2
Vishwa Plan M Business Park,₹2.60 Cr ,"  Office Space for Sale in Vishwa Plan M Business Park, Turbhe Navi Mumbai",Carpet Area810 sqftUnder ConstructionPoss. by Dec '28TransactionNew PropertyBathroom1
Raheja Solaris III,₹4.42 Cr ,"4 BHK Apartment for Sale in Raheja Solaris III, Juinagar Navi Mumbai",Carpet Area1650 sqftUnder ConstructionPoss. by Dec '28TransactionNew PropertyFurnishingUnfurnishedSocietyRaheja Solaris IIIBathroom4Balcony3
Arihant Adarsh Phase I,₹53.8 Lac ,"2 BHK Apartment for Sale in Arihant Adarsh Phase I, Taloja Navi Mumbai",Carpet Area578 sqftUnder ConstructionPoss. by Mar '29TransactionNew PropertyFurnishingUnfurnishedSocietyArihant Adarsh Phase IBathroom2Balcony1
Cyber Square 1,₹5.40 Cr ,"  Office Space for Sale in Cyber Square 1, Nerul Navi Mumbai",Carpet Area2879 sqftUnder ConstructionPoss. by May '30TransactionNew PropertyBathroom1
Delta Luxuria,₹2.80 Cr ,"3 BHK Apartment for Sale in Delta Luxuria, Airoli Navi Mumbai",Carpet Area1169 sqftUnder ConstructionPoss. by Apr '27TransactionNew PropertyFurnishingUnfurnishedSocietyDelta LuxuriaBathroom3Balcony3
M3M Skycity,₹3.75 Cr ,"3 BHK Apartment for Sale in M3M Skycity, Sector 65 Gurgaon","Carpet Area1429 sqftStatusReady to MoveFloor19 out of 47TransactionResaleFurnishingSemi-FurnishedfacingNorth - EastoverlookingPool, Main RoadSocietyM3M SkycityOwnershipFreeholdCar Parking2 CoveredBathroom3Balcony3"
,₹4 Cr ,"4 BHK Builder Floor for Sale in Sushant Lok-I, Sector 43 Gurgaon",Carpet Area2100 sqftStatusReady to MoveFloor2 out of 4TransactionNew PropertyFurnishingFurnishedfacingNorth - WestoverlookingMain RoadOwnershipFreeholdBathroom4Balcony2
,₹3.45 Cr ,4 BHK Builder Floor for Sale in Sector 57 Gurgaon,"Carpet Area1950 sqftStatusReady to MoveFloor3 out of 4TransactionNew PropertyFurnishingSemi-FurnishedfacingNorthoverlookingGarden/Park, Main RoadCar Parking2 CoveredBathroom4Balcony2"
,₹1.25 Cr ,2 BHK Builder Floor for Sale in Pitam Pura New Delhi,"Carpet Area756 sqftStatusReady to MoveFloorGround out of 4TransactionNew PropertyFurnishingSemi-FurnishedfacingNorth - EastoverlookingGarden/Park, Main RoadOwnershipFreeholdCar Parking1 Covered,Bathroom2Balcony1"
All Punjabi Welfare Association,₹2.95 Cr ,"3 BHK Builder Floor for Sale in All Punjabi Welfare Association, Sector 23 Gurgaon","Super Area1650 sqftStatusReady to MoveFloor2 out of 4TransactionNew PropertyFurnishingSemi-FurnishedfacingNorth - EastoverlookingGarden/Park, Main RoadSocietyAll Punjabi Welfare AssociationOwnershipFreeholdCar Parking2 Covered,Bathroom3Balcony2"
ATS One Hamlet,₹6.50 Cr ,"4 BHK Apartment for Sale in ATS One Hamlet, Sector 104, Noida Express Way Noida","Carpet Area2500 sqftStatusReady to MoveFloor2 out of 15TransactionResaleFurnishingSemi-FurnishedfacingEastoverlookingGarden/Park, Main RoadOwnershipLeaseholdCar Parking1 CoveredBathroom4Balcony3"
DDA Flats Munirka,₹2.10 Cr ,"3 BHK Apartment for Sale in DDA Flats Munirka, Munirka New Delhi","Super Area1450 sqftStatusReady to MoveFloor2 out of 3TransactionResaleFurnishingSemi-FurnishedfacingNorth - EastoverlookingGarden/Park, Main RoadSocietyDDA Flats MunirkaOwnershipFreeholdBathroom3Balcony3"
,₹80 Lac ,3 BHK Builder Floor for Sale in Saket New Delhi,Carpet Area1200 sqftStatusReady to MoveFloor2 out of 4TransactionNew PropertyFurnishingSemi-FurnishedfacingNorth - EastoverlookingMain RoadOwnershipFreeholdBathroom3Balcony3
,₹1.15 Cr ,2 BHK Builder Floor for Sale in Paschim Vihar New Delhi,"Carpet Area80 sqyrdStatusReady to MoveFloor3 out of 4TransactionResaleFurnishingSemi-FurnishedfacingSouthoverlookingGarden/Park, Main RoadOwnershipFreeholdBathroom1"
Chanakya Apartments,₹2.95 Cr ,"3 BHK Apartment for Sale in Chanakya Apartments, Dwarka New Delhi","Super Area1700 sqftStatusReady to MoveFloor4 out of 6TransactionResaleFurnishingUnfurnishedfacingNorth - EastoverlookingGarden/Park, Main RoadSocietyChanakya ApartmentsOwnershipFreeholdCar Parking1 Covered,Bathroom2Balcony2"
,₹2.68 Cr ,"  Plot/Land for Sale in Sushant Lok-I, Sector 43 Gurgaon","Plot Area540 sqftDimensions (L X B)60 X 9OwnershipFreeholdTransactionResalefloors allowed for construction3Open Sides1Width of road facing the plot10 moverlookingPool, Garden/Park, Main RoadBoundaryYes"
,₹16 Cr ,"  Plot/Land for Sale in Sector 47, Dadri Road Noida",Plot Area4844 sqftDimensions (L X B)98.4 X 49.2OwnershipLeaseholdTransactionResalefloors allowed for construction3Open Sides1overlookingMain RoadBoundaryYes
Unitech South City II,₹3.75 Cr ,"4 BHK Builder Floor for Sale in Unitech South City II, South City 1 Gurgaon","Carpet Area2600 sqftStatusReady to MoveFloor2 out of 4TransactionNew PropertyFurnishingFurnishedfacingNorthoverlookingGarden/Park, Pool, Main RoadSocietyUnitech South City IIOwnershipFreeholdCar Parking2 Covered,Bathroom4Balcony2"
Emaar Emerald Hills,₹2.51 Cr ,"3 BHK Builder Floor for Sale in Emaar Emerald Hills, Sector 65 Gurgaon","Carpet Area2210 sqftStatusReady to MoveFloor2 out of 2TransactionResaleFurnishingUnfurnishedfacingEastoverlookingPool, Garden/Park, Main RoadSocietyEmaar Emerald HillsOwnershipFreeholdCar Parking1 CoveredBathroom3Balcony3"
SKA Orion,₹2.47 Cr ,"3 BHK Apartment for Sale in SKA Orion, Sector 143B Noida",Super Area1900 sqftTransactionNew PropertyFurnishingUnfurnishedBathroom4Balcony5
CRC The Flagship,₹10.93 Cr ,"  Shop for Sale in CRC The Flagship, Sector 140A Noida",Super Area3500 sqftUnder ConstructionPoss. by Nov '27TransactionNew PropertyBathroom1
,₹3.25 Cr ,3 BHK Apartment for Sale in alaknanada appartment New Delhi,"Carpet Area1350 sqftStatusReady to MoveFloorGround out of 4TransactionNew PropertyFurnishingUnfurnishedfacingNorth - EastoverlookingPool, Garden/Park, Main RoadOwnershipFreeholdBathroom2Balcony1"
Chintels Serenity,₹4.68 Cr ,"4 BHK Apartment for Sale in Chintels Serenity, Sector 109 Gurgaon","Carpet Area1551 sqftStatusReady to MoveFloor2 out of 21TransactionNew PropertyFurnishingUnfurnishedfacingEastoverlookingGarden/Park, Pool, Main RoadSocietyChintels SerenityOwnershipFreeholdBathroom5Balcony2"
,₹11.50 Cr ,"4 BHK Builder Floor for Sale in Malibu Town, Sector 47 Gurgaon",Carpet Area5000 sqftStatusReady to MoveFloor3 out of 4TransactionNew PropertyFurnishingSemi-FurnishedfacingEastoverlookingGarden/ParkOwnershipFreeholdBathroom4Balcony4
New Modern Appartment,₹2.10 Cr ,"3 BHK Apartment for Sale in New Modern Appartment, Sector 9 Rohini New Delhi","Carpet Area1300 sqftStatusReady to MoveFloorGround out of 4TransactionResaleFurnishingSemi-FurnishedfacingNorth - EastoverlookingGarden/Park, Main RoadSocietyNew Modern AppartmentOwnershipFreeholdCar Parking2 OpenBathroom2Balcony2"
,₹2.59 Cr ,2 BHK Apartment for Sale in Phase 5 DLF Gurgaon,Carpet Area750 sqftStatusReady to MoveFloor11 out of 19TransactionResaleFurnishingSemi-FurnishedfacingNorthoverlookingGarden/ParkOwnershipFreeholdCar Parking1 OpenBathroom2Balcony1
Adani Samsara Avasa,₹4 Cr ,"4 BHK Apartment for Sale in Adani Samsara Avasa, Sector 63 Gurgaon","Carpet Area1361 sqftUnder ConstructionPoss. by Dec '26FloorUpper Basement out of 4TransactionNew PropertyFurnishingSemi-FurnishedfacingEastoverlookingGarden/Park, Main RoadSocietyAdani Samsara AvasaOwnershipFreeholdCar Parking2 CoveredBathroom3Balcony2"
,₹2.09 Cr ,"3 BHK Apartment for Sale in Sector 37D, Delhi Gurgaon Expressway Gurgaon",Carpet Area996 sqftStatusReady to MoveFloor12 out of 20TransactionNew PropertyFurnishingUnfurnishedoverlookingMain RoadBathroom3Balcony4
Luxury Builder Floors,₹6 Cr ,"4 BHK Builder Floor for Sale in Luxury Builder Floors, Malibu Town, Sector 47 Gurgaon",Carpet Area3200 sqftStatusReady to MoveFloor3 out of 4TransactionNew PropertyFurnishingSemi-FurnishedfacingEastoverlookingGarden/ParkSocietyLuxury Builder FloorsOwnershipFreeholdCar Parking3 CoveredBathroom4Balcony2
Cyber City,₹32.5 Lac ," Studio Apartment for Sale in Cyber City, Knowledge Park 5 Greater Noida",Carpet Area525 sqftUnder ConstructionPoss. by Dec '28Floor10 out of 31TransactionNew PropertyFurnishingSemi-FurnishedfacingNorth - EastSocietyCyber CityOwnershipLeaseholdBathroom10Balcony1
,₹70 Lac ,"2 BHK Apartment for Sale in Garhi, Raj Nagar Extension Ghaziabad","Carpet Area850 sqftStatusReady to MoveFloor2 out of 14TransactionResaleFurnishingSemi-FurnishedfacingNorth - EastoverlookingGarden/Park, Main RoadOwnershipFreeholdCar Parking1 CoveredBathroom2Balcony2"
Tulip Violet,₹2.35 Cr ,"3 BHK Apartment for Sale in Tulip Violet, Sector 69 Gurgaon",Super Area1578 sqftStatusReady to MoveFloor11 out of 14TransactionResaleFurnishingSemi-FurnishedfacingNorthoverlookingGarden/ParkSocietyTulip VioletBathroom3Balcony3
,₹6.02 Cr ,3 BHK Apartment for Sale in Block D Sector 46 Greenwood City Gurgaon,"Carpet Area2300 sqftUnder ConstructionPoss. by Feb '30Floor9 out of 41TransactionNew PropertyFurnishingFurnishedfacingEastoverlookingGarden/Park, Pool, Main RoadOwnershipFreeholdCar Parking1 Covered,Bathroom4Balcony5"
Indiabulls Enigma,₹8 Cr ,"5 BHK Penthouse for Sale in Indiabulls Enigma, Sector 110 Gurgaon",Super Area7430 sqftTransactionNew PropertyFurnishingUnfurnishedSocietyIndiabulls EnigmaCar Parking1 OpenBathroom4Balcony3
Logix Blossom County 2,₹1.40 Cr ,"3 BHK Apartment for Sale in Logix Blossom County 2, Blossom County Noida","Carpet Area980 sqftStatusReady to MoveFloor4 out of 20TransactionResaleFurnishingSemi-FurnishedfacingNorth - EastoverlookingGarden/Park, PoolOwnershipLeaseholdCar Parking1 Covered,Bathroom2Balcony3"
TARC Tripundra,₹9.85 Cr ,"4 BHK Apartment for Sale in TARC Tripundra, Bijwasan New Delhi",Super Area3200 sqftTransactionNew PropertyFurnishingUnfurnishedSocietyTARC TripundraBathroom4Balcony4
TARC Tripundra,₹9.85 Cr ,"4 BHK Apartment for Sale in TARC Tripundra, Bijwasan New Delhi",Super Area3200 sqftTransactionNew PropertyFurnishingUnfurnishedSocietyTARC TripundraBathroom4Balcony4
Omaxe Chowk,₹2.44 Cr ,"  Shop for Sale in Omaxe Chowk, Chandni Chowk New Delhi",Super Area244 sqftTransactionNew Property
DLF One Midtown,₹6 Cr ,"3 BHK Apartment for Sale in DLF One Midtown, Moti Nagar, Kirti Nagar New Delhi",Super Area2282 sqftTransactionNew PropertyFurnishingUnfurnishedSocietyDLF One MidtownBathroom4Balcony4
Unity The Amaryllis Phase 2,₹14.30 Cr ,"5 BHK Apartment for Sale in Unity The Amaryllis Phase 2, Karol Bagh New Delhi",Super Area5236 sqftUnder ConstructionPoss. by Jun '27TransactionNew PropertyFurnishingUnfurnishedSocietyUnity The Amaryllis Phase 2Bathroom3Balcony5
The Omaxe State,₹75 Cr ,"  Shop for Sale in The Omaxe State, Sector 19B Dwarka New Delhi","Super Area10,000 sqftUnder ConstructionPoss. by Dec '27TransactionNew PropertyBathroom1"
The Omaxe State,₹75 Cr ,"  Shop for Sale in The Omaxe State, Sector 19B Dwarka New Delhi","Super Area10,000 sqftUnder ConstructionPoss. by Dec '27TransactionNew PropertyBathroom1"
Omaxe Chowk,₹2.44 Cr ,"  Shop for Sale in Omaxe Chowk, Chandni Chowk New Delhi",Super Area244 sqftTransactionNew Property
Omaxe Chowk,₹1.31 Cr ,"  Shop for Sale in Omaxe Chowk, Chandni Chowk New Delhi",Super Area131 sqftTransactionNew PropertyBathroom2
The Omaxe State,₹75 Cr ,"  Shop for Sale in The Omaxe State, Sector 19B Dwarka New Delhi","Super Area10,000 sqftUnder ConstructionPoss. by Dec '27TransactionNew PropertyBathroom4"
The Omaxe State,₹120 Cr ,"  Shop for Sale in The Omaxe State, Sector 19B Dwarka New Delhi",Super Area8000 sqftUnder ConstructionPoss. by Dec '27TransactionNew PropertyBathroom1
Unity The Amaryllis Phase 2,₹14.30 Cr ,"5 BHK Apartment for Sale in Unity The Amaryllis Phase 2, Karol Bagh New Delhi",Super Area5236 sqftStatusReady to MoveTransactionNew PropertyFurnishingUnfurnishedSocietyUnity The Amaryllis Phase 2Bathroom3Balcony5
Garur Golf Island,₹7.61 Cr ,"4 BHK Apartment for Sale in Garur Golf Island, Sector 19B Dwarka New Delhi",Super Area3260 sqftUnder ConstructionPoss. by Mar '28TransactionNew PropertyFurnishingUnfurnishedSocietyGarur Golf IslandBathroom4Balcony4
The Omaxe State,₹75 Cr ,"  Shop for Sale in The Omaxe State, Sector 19B Dwarka New Delhi","Super Area10,000 sqftUnder ConstructionPoss. by Dec '27TransactionNew PropertyBathroom1"
The Omaxe State,₹75 Cr ,"  Shop for Sale in The Omaxe State, Sector 19B Dwarka New Delhi","Super Area10,000 sqftTransactionNew Property"
TARC Kailasa,₹11.01 Cr ,"4 BHK Apartment for Sale in TARC Kailasa, Kirti Nagar New Delhi",Carpet Area3315 sqftUnder ConstructionPoss. by Dec '28TransactionNew PropertyFurnishingUnfurnishedSocietyTARC KailasaBathroom3Balcony4
TARC Tripundra,₹9.85 Cr ,"4 BHK Apartment for Sale in TARC Tripundra, Bijwasan New Delhi",Super Area3200 sqftUnder ConstructionPoss. by May '26TransactionNew PropertyFurnishingUnfurnishedSocietyTARC TripundraBathroom4Balcony4
The Omaxe State,₹75 Cr ,"  Shop for Sale in The Omaxe State, Sector 19B Dwarka New Delhi","Super Area10,000 sqftUnder ConstructionPoss. by Dec '27TransactionNew PropertyBathroom1"
Dimple Pearl,₹6 Cr ,"  Showroom for Sale in Dimple Pearl, Karol Bagh New Delhi",Super Area2835 sqftTransactionNew PropertyBathroom1
Metro Premium Builder Floor,₹6.25 Cr ,"3 BHK Builder Floor for Sale in Metro Premium Builder Floor, Greater Kailash 1 New Delhi","Carpet Area1550 sqftStatusReady to MoveFloor3 out of 4TransactionNew PropertyFurnishingSemi-FurnishedfacingEastoverlookingMain RoadSocietyMetro Premium Builder FloorOwnershipFreeholdCar Parking2 Covered,Bathroom3Balcony2"
Dakshinayan Apartment,₹2.48 Cr ,"3 BHK Apartment for Sale in Dakshinayan Apartment, Dwarka New Delhi","Super Area1700 sqftStatusReady to MoveFloor4 out of 8TransactionResaleFurnishingUnfurnishedfacingNorth - EastoverlookingGarden/Park, Main RoadSocietyDakshinayan ApartmentOwnershipFreeholdCar Parking1 Covered,Bathroom3Balcony2"
DDA Flats Munirka,₹2.10 Cr ,"3 BHK Apartment for Sale in DDA Flats Munirka, Munirka New Delhi","Super Area1450 sqftStatusReady to MoveFloor2 out of 3TransactionResaleFurnishingSemi-FurnishedfacingNorth - EastoverlookingGarden/Park, Main RoadSocietyDDA Flats MunirkaOwnershipFreeholdBathroom3Balcony3"
,₹17.35 Cr ,4 BHK Builder Floor for Sale in Greater Kailash 1 New Delhi,"Carpet Area800 sqftStatusReady to MoveFloorGround out of 4TransactionNew PropertyFurnishingSemi-FurnishedfacingEastoverlookingGarden/ParkOwnershipFreeholdCar Parking4 Covered,Bathroom4Balcony4"
,₹4.50 Cr ,4 BHK Builder Floor for Sale in Paschim Vihar New Delhi,"Carpet Area270 sqyrdStatusReady to MoveFloor1 out of 4TransactionNew PropertyFurnishingSemi-FurnishedfacingEastoverlookingGarden/ParkOwnershipFreeholdCar Parking1 Covered,Bathroom3Balcony1"
Vasant Vihar Builder Floor,₹13.50 Cr ,"4 BHK Builder Floor for Sale in Vasant Vihar Builder Floor, Vasant Vihar New Delhi","Carpet Area400 sqyrdStatusReady to MoveFloor1 out of 3TransactionResaleFurnishingUnfurnishedfacingSouth -WestoverlookingMain RoadSocietyVasant Vihar Builder FloorOwnershipFreeholdCar Parking2 Covered,Bathroom4Balcony3"
,₹7.50 Cr ,4 BHK Builder Floor for Sale in Defence Colony New Delhi,Carpet Area337 sqyrdStatusReady to MoveFloor1 out of 4TransactionResaleFurnishingSemi-FurnishedfacingNorth - EastoverlookingGarden/ParkOwnershipFreeholdCar Parking2 CoveredBathroom4Balcony4
Dakshinayan Apartment,₹2.60 Cr ,"3 BHK Apartment for Sale in Dakshinayan Apartment, Dwarka New Delhi","Carpet Area1500 sqftStatusReady to MoveFloor5 out of 8TransactionResaleFurnishingSemi-FurnishedfacingNorth - EastoverlookingGarden/Park, Main RoadSocietyDakshinayan ApartmentOwnershipFreeholdCar Parking1 Covered,Bathroom2Balcony2"
,₹3.25 Cr ,3 BHK Builder Floor for Sale in Pitam Pura New Delhi,"Carpet Area1350 sqftStatusReady to MoveFloor1 out of 4TransactionNew PropertyFurnishingSemi-FurnishedfacingEastoverlookingGarden/Park, Main RoadOwnershipFreeholdBathroom3Balcony1"
Dakshinayan Apartment,₹2.48 Cr ,"3 BHK Apartment for Sale in Dakshinayan Apartment, Dwarka New Delhi","Carpet Area1530 sqftStatusReady to MoveFloor4 out of 8TransactionResaleFurnishingSemi-FurnishedfacingNorth - EastoverlookingGarden/Park, Main RoadSocietyDakshinayan ApartmentOwnershipFreeholdCar Parking1 Covered,Bathroom3Balcony2"
,₹6.85 Cr ,3 BHK Builder Floor for Sale in Greater Kailash 1 New Delhi,Carpet Area1600 sqftStatusReady to MoveFloor3 out of 4TransactionNew PropertyFurnishingSemi-FurnishedfacingEastoverlookingGarden/ParkOwnershipFreeholdCar Parking2 CoveredBathroom3Balcony2
Unity the Amaryllis,₹12.39 Cr ,"5 BHK Apartment for Sale in Unity the Amaryllis, Karol Bagh New Delhi Central",Carpet Area3173 sqftTransactionNew PropertyFurnishingUnfurnishedSocietyUnity the AmaryllisBathroom5Balcony5
Omaxe Chowk,₹2.44 Cr ,"  Shop for Sale in Omaxe Chowk, Chandni Chowk New Delhi Central",Super Area244 sqftTransactionNew Property
Unity The Amaryllis Phase 2,₹14.30 Cr ,"5 BHK Apartment for Sale in Unity The Amaryllis Phase 2, Karol Bagh New Delhi Central",Super Area5236 sqftUnder ConstructionPoss. by Jun '27TransactionNew PropertyFurnishingUnfurnishedSocietyUnity The Amaryllis Phase 2Bathroom3Balcony5
Omaxe Chowk,₹2.44 Cr ,"  Shop for Sale in Omaxe Chowk, Chandni Chowk New Delhi Central",Super Area244 sqftTransactionNew Property
Omaxe Chowk,₹1.31 Cr ,"  Shop for Sale in Omaxe Chowk, Chandni Chowk New Delhi Central",Super Area131 sqftTransactionNew PropertyBathroom2
Unity The Amaryllis Phase 2,₹14.30 Cr ,"5 BHK Apartment for Sale in Unity The Amaryllis Phase 2, Karol Bagh New Delhi Central",Super Area5236 sqftStatusReady to MoveTransactionNew PropertyFurnishingUnfurnishedSocietyUnity The Amaryllis Phase 2Bathroom3Balcony5
Dimple Pearl,₹6 Cr ,"  Showroom for Sale in Dimple Pearl, Karol Bagh New Delhi Central",Super Area2835 sqftTransactionNew PropertyBathroom1
,₹7.15 Cr ,"4 BHK Apartment for Sale in Unity The Amaryllis Phase 2, Karol Bagh New Delhi Central",Super Area2618 sqftStatusReady to MoveTransactionNew PropertyFurnishingUnfurnishedSocietyUnity The Amaryllis Phase 2Bathroom3Balcony4
Unity The Amaryllis Phase 2,₹8.45 Cr ,"3 BHK Apartment for Sale in Unity The Amaryllis Phase 2, Krishna Nagar Karol Bagh New Delhi Central","Super Area2701 sqftStatusReady to MoveFloor29 out of 32TransactionNew PropertyFurnishingUnfurnishedfacingNorth - EastoverlookingGarden/Park, Pool, Main RoadSocietyUnity The Amaryllis Phase 2OwnershipFreeholdCar Parking2 CoveredBathroom3Balcony4"
,₹12 Cr ,"  Office Space for Sale in Janpath, Connaught Place New Delhi Central",Carpet Area2450 sqftStatusReady to MoveFloor1 out of 3TransactionResaleBathroom1
,₹27.75 Cr ,3 BHK Builder Floor for Sale in Chanakyapuri New Delhi Central,"Carpet Area3375 sqftStatusReady to MoveFloor2 out of 4TransactionNew PropertyFurnishingSemi-FurnishedfacingNorth - EastoverlookingGarden/ParkOwnershipFreeholdCar Parking3 Covered,Bathroom4Balcony2"
,₹26 Cr ,4 BHK Builder Floor for Sale in Chanakyapuri New Delhi Central,"Carpet Area2531 sqftStatusReady to MoveFloor1 out of 4TransactionNew PropertyFurnishingSemi-FurnishedfacingNorth - EastoverlookingGarden/Park, Main RoadOwnershipFreeholdCar Parking2 Covered,Bathroom4Balcony4"
,₹130 Cr ,> 10 BHK Villa for Sale in Malcha New Delhi Central,"Carpet Area3075 sqftStatusReady to MoveTransactionResaleFurnishingSemi-FurnishedfacingNorthoverlookingGarden/ParkOwnershipFreeholdDimensions75 XCar Parking6 Covered,Bathroom> 10Balcony> 10"
Godrej Connaught One,₹19.80 Cr ,"3 BHK Apartment for Sale in Godrej Connaught One, Connaught Place New Delhi Central",Super Area2201 sqftUnder ConstructionPoss. by Mar '28Floor2 out of 4TransactionResaleFurnishingSemi-FurnishedfacingNorth - EastoverlookingGarden/ParkSocietyGodrej Connaught OneOwnershipFreeholdCar Parking1 CoveredBathroom4Balcony3
,₹6.30 Cr ,3 BHK Builder Floor for Sale in New Rajendra Nagar New Delhi Central,"Super Area1800 sqftFloor3 out of 4TransactionNew PropertyFurnishingSemi-FurnishedoverlookingGarden/Park, Main RoadOwnershipFreeholdCar Parking1 Covered,Bathroom3Balcony2"
Unity the Amaryllis,₹4.30 Cr ,"3 BHK Apartment for Sale in Unity the Amaryllis, Karol Bagh New Delhi Central","Carpet Area1900 sqftStatusReady to MoveFloor12 out of 28TransactionResaleFurnishingSemi-FurnishedfacingNorth - EastoverlookingGarden/Park, Pool, Main RoadSocietyUnity the AmaryllisOwnershipFreeholdCar Parking1 CoveredBathroom3Balcony4"
,₹13.70 Cr ,4 BHK Builder Floor for Sale in Chanakyapuri New Delhi Central,Carpet Area2250 sqftStatusReady to MoveFloor1 out of 5TransactionNew PropertyFurnishingSemi-FurnishedfacingEastoverlookingGarden/ParkOwnershipFreeholdCar Parking2 OpenBathroom4Balcony3
,₹105 Cr ,7 BHK  House for Sale in Chanakyapuri New Delhi Central,"Carpet Area440 sqyrdStatusReady to MoveTransactionResaleFurnishingSemi-FurnishedfacingEastoverlookingPool, Garden/Park, Main RoadOwnershipFreeholdBathroom7Balcony4"
Godrej Connaught One,₹20.90 Cr ,"3 BHK Apartment for Sale in Godrej Connaught One, Connaught Place New Delhi Central",Super Area2201 sqftFloor5 out of 9TransactionNew PropertyFurnishingUnfurnishedfacingNorth - EastSocietyGodrej Connaught OneOwnershipFreeholdBathroom3Balcony3
,₹1.95 Cr ,2 BHK Apartment for Sale in New Rajinder Nagar New Delhi Central,Carpet Area850 sqftStatusReady to MoveFloor2 out of 4TransactionResaleFurnishingUnfurnishedfacingEastoverlookingMain RoadOwnershipFreeholdCar Parking1 OpenBathroom3Balcony1
,₹23.50 Cr ,3 BHK Builder Floor for Sale in Prithviraj Road New Delhi Central,"Carpet Area2000 sqftStatusReady to MoveFloor2 out of 4TransactionResaleFurnishingUnfurnishedfacingNorth - EastoverlookingGarden/Park, Pool, Main RoadOwnershipFreeholdBathroom3Balcony3"
,₹6 Cr ,3 BHK Builder Floor for Sale in New Rajendra Nagar New Delhi Central,Super Area200 sqyrdStatusReady to MoveFloor3 out of 4TransactionResaleFurnishingSemi-FurnishedfacingSouthOwnershipFreeholdBathroom4Balcony2
Unity The Amaryllis Phase 2,₹10.19 Cr ,"4 BHK Apartment for Sale in Unity The Amaryllis Phase 2, Karol Bagh New Delhi Central","Carpet Area2213 sqftStatusReady to MoveFloor3 out of 3TransactionNew PropertyFurnishingUnfurnishedfacingNorth - EastoverlookingPool, Garden/ParkSocietyUnity The Amaryllis Phase 2OwnershipCo-operative SocietyCar Parking2 CoveredBathroom4Balcony3"
,₹52 Lac ,  Office Space for Sale in Karol Bagh New Delhi Central,Carpet Area270 sqftStatusReady to MoveFloor1 out of 4TransactionResaleCar Parking1 Open
,₹85 Lac ,  Office Space for Sale in Daryaganj New Delhi Central,Carpet Area500 sqftStatusReady to MoveFloorUpper Basement out of 1TransactionResaleCar Parking1 OpenBathroom1
,₹6.25 Cr ,3 BHK Builder Floor for Sale in New Rajendra Nagar New Delhi Central,Carpet Area200 sqyrdStatusReady to MoveFloorGround out of 1TransactionResaleFurnishingSemi-FurnishedfacingNorthoverlookingGarden/ParkOwnershipFreeholdCar Parking1 CoveredBathroom3Balcony3
DDA MIG Flats Prasad Nagar Phase 2,₹1.90 Cr ,"3 BHK Apartment for Sale in DDA MIG Flats Prasad Nagar Phase 2, Prasad Nagar New Delhi Central",Super Area1500 sqftStatusReady to MoveFloor3 out of 3TransactionResaleFurnishingSemi-FurnishedSocietyDDA MIG Flats Prasad Nagar Phase 2Bathroom3
,₹2.10 Cr ,3 BHK Builder Floor for Sale in Old Rajinder Nagar New Delhi Central,Carpet Area900 sqftStatusReady to MoveFloor1 out of 4TransactionResaleFurnishingFurnishedfacingNorth - WestoverlookingMain RoadOwnershipFreeholdBathroom3Balcony2
,₹6.50 Cr ,2 BHK Apartment for Sale in Connaught Place New Delhi Central,"Carpet Area1400 sqftUnder ConstructionPoss. by Apr '26Floor4 out of 11TransactionResaleFurnishingUnfurnishedfacingEastoverlookingGarden/Park, Main RoadOwnershipFreeholdCar Parking2 Covered,Bathroom2Balcony2"
,₹2 Cr ,  Office Space for Sale in Karol Bagh New Delhi Central,Carpet Area580 sqftStatusReady to MoveFloor2 out of 3TransactionResaleCar Parking1 OpenBathroom1
,₹11.59 Cr ,"4 BHK Apartment for Sale in L & T The Gateway, Sewri Mumbai South Mumbai",Carpet Area2251 sqftUnder ConstructionPoss. by Sep '28TransactionNew PropertyFurnishingUnfurnishedSocietyL & T The GatewayBathroom4Balcony1
,₹4.33 Cr ,"2 BHK Apartment for Sale in Suraj Park View, Dadar West Mumbai South Mumbai",Carpet Area750 sqftUnder ConstructionPoss. by Dec '31TransactionNew PropertyFurnishingUnfurnishedSocietySuraj Park ViewBathroom2Balcony1
,₹3.16 Cr ,"2 BHK Apartment for Sale in Avhad Oasis, Dadar West Mumbai South Mumbai",Carpet Area753 sqftUnder ConstructionPoss. by Dec '27TransactionNew PropertyFurnishingUnfurnishedSocietyAvhad OasisBathroom2
,₹14.84 Cr ,"5 BHK Apartment for Sale in Lodha Bellevue, Byculla Mumbai South Mumbai",Carpet Area2749 sqftUnder ConstructionPoss. by Sep '28TransactionNew PropertyFurnishingUnfurnishedSocietyLodha BellevueBathroom3Balcony3
Dosti Eastern Bay,₹1.88 Cr ,"1 BHK Apartment for Sale in Dosti Eastern Bay, Wadala East Mumbai South Mumbai",Carpet Area470 sqftTransactionNew PropertyFurnishingUnfurnishedSocietyDosti Eastern BayBathroom1
Godrej Avenue Eleven,₹30 Cr ,"4 BHK Apartment for Sale in Godrej Avenue Eleven, Mahalakshmi Mumbai South Mumbai",Carpet Area2459 sqftTransactionNew PropertyFurnishingUnfurnishedSocietyGodrej Avenue ElevenBathroom4Balcony1
Piramal Mahalaxmi,₹8.30 Cr ,"3 BHK Apartment for Sale in Piramal Mahalaxmi, Mahalakshmi Mumbai South Mumbai",Carpet Area1147 sqftTransactionNew PropertyFurnishingUnfurnishedSocietyPiramal MahalaxmiBathroom3Balcony1
Lodha Aureus,₹11.90 Cr ,"4 BHK Apartment for Sale in Lodha Aureus, Sewri Mumbai South Mumbai",Carpet Area2250 sqftUnder ConstructionPoss. by Dec '32TransactionNew PropertyFurnishingUnfurnishedSocietyLodha AureusBathroom4Balcony2
Darshan Promesa Fremont,₹4.40 Cr ,"3 BHK Apartment for Sale in Darshan Promesa Fremont, Chinchpokli Mumbai South Mumbai",Carpet Area1044 sqftUnder ConstructionPoss. by Dec '30TransactionNew PropertyFurnishingUnfurnishedSocietyDarshan Promesa FremontBathroom3Balcony2
Ruparel Vivanza,₹4.21 Cr ,"3 BHK Apartment for Sale in Ruparel Vivanza, Byculla East Mumbai South Mumbai",Carpet Area1058 sqftUnder ConstructionPoss. by Mar '27TransactionNew PropertyFurnishingUnfurnishedSocietyRuparel VivanzaBathroom3Balcony1
7 Mahalaxmi,₹6.77 Cr ,"3 BHK Apartment for Sale in 7 Mahalaxmi, Mahalakshmi Mumbai South Mumbai",Carpet Area1266 sqftUnder ConstructionPoss. by Oct '31TransactionNew PropertyFurnishingUnfurnishedSociety7 MahalaxmiBathroom3Balcony3
Ajmera Manhattan,₹4.10 Cr ,"3 BHK Apartment for Sale in Ajmera Manhattan, Wadala Mumbai South Mumbai",Carpet Area1023 sqftUnder ConstructionPoss. by Jun '27TransactionNew PropertyFurnishingUnfurnishedSocietyAjmera ManhattanBathroom3Balcony1
Raymond The Address By GS,₹4.20 Cr ,"3 BHK Apartment for Sale in Raymond The Address By GS, Wadala Mumbai South Mumbai",Carpet Area1313 sqftUnder ConstructionPoss. by Mar '31TransactionNew PropertyFurnishingUnfurnishedSocietyRaymond The Address By GSBathroom4Balcony1
Ajmera Manhattan,₹7.15 Cr ,"4 BHK Apartment for Sale in Ajmera Manhattan, Wadala Mumbai South Mumbai",Carpet Area1782 sqftUnder ConstructionPoss. by Jun '27TransactionNew PropertyFurnishingUnfurnishedSocietyAjmera ManhattanBathroom4Balcony3
Lodha Park,₹20.76 Cr ,"5 BHK Apartment for Sale in Lodha Park, Worli Mumbai South Mumbai",Carpet Area2532 sqftTransactionNew PropertyFurnishingUnfurnishedSocietyLodha ParkBathroom4
Lodha Park,₹6.99 Cr ,"3 BHK Apartment for Sale in Lodha Park, Worli Mumbai South Mumbai",Carpet Area1136 sqftTransactionNew PropertyFurnishingUnfurnishedSocietyLodha ParkBathroom3
Piramal Mahalaxmi,₹5.72 Cr ,"2 BHK Apartment for Sale in Piramal Mahalaxmi, Mahalakshmi Mumbai South Mumbai",Carpet Area790 sqftTransactionNew PropertyFurnishingUnfurnishedSocietyPiramal MahalaxmiBathroom2
Sobha Inizio,₹6.58 Cr ,"3 BHK Apartment for Sale in Sobha Inizio, Parel Mumbai South Mumbai",Carpet Area1225 sqftUnder ConstructionPoss. by Mar '34TransactionNew PropertyFurnishingUnfurnishedSocietySobha InizioBathroom3Balcony3
Lodha Park,₹7.79 Cr ,"3 BHK Apartment for Sale in Lodha Park, Worli Mumbai South Mumbai",Carpet Area1266 sqftTransactionNew PropertyFurnishingUnfurnishedSocietyLodha ParkBathroom3
Siddha Sky,₹1.71 Cr ,"2 BHK Apartment for Sale in Siddha Sky, Wadala East Mumbai South Mumbai",Carpet Area606 sqftUnder ConstructionPoss. by Dec '26TransactionNew PropertyFurnishingUnfurnishedSocietySiddha SkyBathroom2Balcony1
Equinox Embassy Citadel,₹13.06 Cr ,"3 BHK Apartment for Sale in Equinox Embassy Citadel, Lower Parel Mumbai South Mumbai",Carpet Area1840 sqftUnder ConstructionPoss. by Jun '34TransactionNew PropertyFurnishingUnfurnishedSocietyEquinox Embassy CitadelBathroom4Balcony2
Marathon Monte South,₹4 Cr ,"2 BHK Apartment for Sale in Marathon Monte South, Byculla Mumbai South Mumbai",Carpet Area854 sqftTransactionNew PropertyFurnishingUnfurnishedSocietyMarathon Monte SouthBathroom2Balcony1
Godrej Trilogy Seafront,₹16.61 Cr ,"3 BHK Apartment for Sale in Godrej Trilogy Seafront, Worli Mumbai South Mumbai",Carpet Area1661 sqftTransactionNew PropertyFurnishingUnfurnishedSocietyGodrej Trilogy SeafrontBathroom2Balcony3
Ruparel Vivanza,₹3.36 Cr ,"3 BHK Apartment for Sale in Ruparel Vivanza, Byculla East Mumbai South Mumbai",Carpet Area1058 sqftUnder ConstructionPoss. by Mar '27TransactionNew PropertyFurnishingUnfurnishedSocietyRuparel VivanzaBathroom3
Sobha Inizio,₹6.58 Cr ,"3 BHK Apartment for Sale in Sobha Inizio, Parel Mumbai South Mumbai",Carpet Area1225 sqftUnder ConstructionPoss. by Mar '30TransactionNew PropertyFurnishingUnfurnishedSocietySobha InizioBathroom3Balcony1
Prestige Jasdan Classic,₹14.38 Cr ,"4 BHK Apartment for Sale in Prestige Jasdan Classic, Byculla Mumbai South Mumbai",Carpet Area2302 sqftUnder ConstructionPoss. by Dec '26TransactionNew PropertyFurnishingUnfurnishedSocietyPrestige Jasdan ClassicBathroom5Balcony1
Raheja Modern Vivarea,₹20.12 Cr ,"5 BHK Apartment for Sale in Raheja Modern Vivarea, Mahalakshmi Mumbai South Mumbai",Carpet Area2809 sqftUnder ConstructionPoss. by Mar '28TransactionNew PropertyFurnishingUnfurnishedSocietyRaheja Modern VivareaBathroom5Balcony2
Raheja Modern Vivarea,₹20.12 Cr ,"5 BHK Apartment for Sale in Raheja Modern Vivarea, Mahalakshmi Mumbai South Mumbai",Carpet Area2809 sqftTransactionNew PropertyFurnishingUnfurnishedSocietyRaheja Modern Vivarea
Raheja Imperia I,₹9.25 Cr ,"3 BHK Apartment for Sale in Raheja Imperia I, Worli Mumbai South Mumbai",Carpet Area1407 sqftTransactionNew PropertyFurnishingUnfurnishedSocietyRaheja Imperia IBathroom4Balcony2
Piramal Mahalaxmi,₹10.50 Cr ,"3 BHK Apartment for Sale in Piramal Mahalaxmi, Mahalakshmi Mumbai South Mumbai",Carpet Area1450 sqftTransactionNew PropertyFurnishingUnfurnishedSocietyPiramal MahalaxmiBathroom4Balcony1
The Wadhwa Artek Park,₹12.28 Cr ,"4 BHK Flat for Sale in The Wadhwa Artek Park, Bandra Mumbai",Carpet Area1890 sqftUnder ConstructionPoss. by Jun '30TransactionNew PropertyFurnishingUnfurnishedSocietyThe Wadhwa Artek ParkBathroom4
The Wadhwa Artek Park,₹13.51 Cr ,"4 BHK Flat for Sale in The Wadhwa Artek Park, Bandra Mumbai",Carpet Area2055 sqftUnder ConstructionPoss. by Jun '30TransactionNew PropertyFurnishingUnfurnishedSocietyThe Wadhwa Artek ParkBathroom3
The Wadhwa Artek Park,₹14.50 Cr ,"4 BHK Flat for Sale in The Wadhwa Artek Park, Bandra Mumbai",Carpet Area2205 sqftUnder ConstructionPoss. by Jun '30TransactionNew PropertyFurnishingUnfurnishedSocietyThe Wadhwa Artek ParkBathroom2
The Wadhwa Artek Park,₹9.63 Cr ,"3 BHK Flat for Sale in The Wadhwa Artek Park, Bandra Mumbai",Carpet Area1464 sqftUnder ConstructionPoss. by Jun '30TransactionNew PropertyFurnishingUnfurnishedSocietyThe Wadhwa Artek ParkBathroom3
The Wadhwa Artek Park,₹23.59 Cr ,"5 BHK Flat for Sale in The Wadhwa Artek Park, Bandra Mumbai",Carpet Area3630 sqftUnder ConstructionPoss. by Jun '30TransactionNew PropertyFurnishingUnfurnishedSocietyThe Wadhwa Artek ParkBathroom5
The Wadhwa Artek Park,₹9.05 Cr ,"3 BHK Flat for Sale in The Wadhwa Artek Park, Bandra Mumbai",Carpet Area1393 sqftUnder ConstructionPoss. by Jun '30TransactionNew PropertyFurnishingUnfurnishedSocietyThe Wadhwa Artek ParkBathroom3
The Wadhwa Artek Park,₹12.28 Cr ,"4 BHK Flat for Sale in The Wadhwa Artek Park, Bandra Mumbai",Carpet Area1890 sqftUnder ConstructionPoss. by Jun '30TransactionNew PropertyFurnishingUnfurnishedSocietyThe Wadhwa Artek ParkBathroom4
The Wadhwa Artek Park,₹13.51 Cr ,"4 BHK Flat for Sale in The Wadhwa Artek Park, Bandra Mumbai",Carpet Area2055 sqftUnder ConstructionPoss. by Jun '30TransactionNew PropertyFurnishingUnfurnishedSocietyThe Wadhwa Artek ParkBathroom3
The Wadhwa Artek Park,₹9.63 Cr ,"3 BHK Flat for Sale in The Wadhwa Artek Park, Bandra Mumbai",Carpet Area1464 sqftUnder ConstructionPoss. by Jun '30TransactionNew PropertyFurnishingUnfurnishedSocietyThe Wadhwa Artek ParkBathroom3
The Wadhwa Artek Park,₹14.50 Cr ,"4 BHK Flat for Sale in The Wadhwa Artek Park, Bandra Mumbai",Carpet Area2205 sqftUnder ConstructionPoss. by Jun '30TransactionNew PropertyFurnishingUnfurnishedSocietyThe Wadhwa Artek ParkBathroom2
The Wadhwa Artek Park,₹23.59 Cr ,"5 BHK Flat for Sale in The Wadhwa Artek Park, Bandra Mumbai",Carpet Area3630 sqftUnder ConstructionPoss. by Jun '30TransactionNew PropertyFurnishingUnfurnishedSocietyThe Wadhwa Artek ParkBathroom5
The Wadhwa Artek Park,₹9.05 Cr ,"3 BHK Flat for Sale in The Wadhwa Artek Park, Bandra Mumbai",Carpet Area1393 sqftUnder ConstructionPoss. by Jun '30TransactionNew PropertyFurnishingUnfurnishedSocietyThe Wadhwa Artek ParkBathroom3
The Wadhwa Artek Park,₹12.28 Cr ,"4 BHK Flat for Sale in The Wadhwa Artek Park, Bandra Mumbai",Carpet Area1890 sqftUnder ConstructionPoss. by Jun '30TransactionNew PropertyFurnishingUnfurnishedSocietyThe Wadhwa Artek ParkBathroom4Balcony1
The Wadhwa Artek Park,₹13.51 Cr ,"4 BHK Flat for Sale in The Wadhwa Artek Park, Bandra Mumbai",Carpet Area2055 sqftUnder ConstructionPoss. by Jun '30TransactionNew PropertyFurnishingUnfurnishedSocietyThe Wadhwa Artek ParkBathroom3
The Wadhwa Artek Park,₹14.50 Cr ,"4 BHK Flat for Sale in The Wadhwa Artek Park, Bandra Mumbai",Carpet Area2205 sqftUnder ConstructionPoss. by Jun '30TransactionNew PropertyFurnishingUnfurnishedSocietyThe Wadhwa Artek ParkBathroom2Balcony1
The Wadhwa Artek Park,₹23.59 Cr ,"5 BHK Flat for Sale in The Wadhwa Artek Park, Bandra Mumbai",Carpet Area3630 sqftUnder ConstructionPoss. by Jun '30TransactionNew PropertyFurnishingUnfurnishedSocietyThe Wadhwa Artek ParkBathroom5Balcony1
The Wadhwa Artek Park,₹9.63 Cr ,"3 BHK Flat for Sale in The Wadhwa Artek Park, Bandra Mumbai",Carpet Area1464 sqftUnder ConstructionPoss. by Jun '30TransactionNew PropertyFurnishingUnfurnishedSocietyThe Wadhwa Artek ParkBathroom3Balcony1
The Wadhwa Artek Park,₹9.05 Cr ,"3 BHK Flat for Sale in The Wadhwa Artek Park, Bandra Mumbai",Carpet Area1393 sqftUnder ConstructionPoss. by Jun '30TransactionNew PropertyFurnishingUnfurnishedSocietyThe Wadhwa Artek ParkBathroom3
The Wadhwa Artek Park,₹12.28 Cr ,"4 BHK Flat for Sale in The Wadhwa Artek Park, Bandra Mumbai",Carpet Area1890 sqftUnder ConstructionPoss. by Jun '30TransactionNew PropertyFurnishingUnfurnishedSocietyThe Wadhwa Artek ParkBathroom4
The Wadhwa Artek Park,₹13.51 Cr ,"4 BHK Flat for Sale in The Wadhwa Artek Park, Bandra Mumbai",Carpet Area2055 sqftUnder ConstructionPoss. by Jun '30TransactionNew PropertyFurnishingUnfurnishedSocietyThe Wadhwa Artek ParkBathroom3
The Wadhwa Artek Park,₹14.50 Cr ,"4 BHK Flat for Sale in The Wadhwa Artek Park, Bandra Mumbai",Carpet Area2205 sqftUnder ConstructionPoss. by Jun '30TransactionNew PropertyFurnishingUnfurnishedSocietyThe Wadhwa Artek ParkBathroom2
The Wadhwa Artek Park,₹9.63 Cr ,"3 BHK Flat for Sale in The Wadhwa Artek Park, Bandra Mumbai",Carpet Area1464 sqftUnder ConstructionPoss. by Jun '30TransactionNew PropertyFurnishingUnfurnishedSocietyThe Wadhwa Artek ParkBathroom3
The Wadhwa Artek Park,₹23.59 Cr ,"5 BHK Flat for Sale in The Wadhwa Artek Park, Bandra Mumbai",Carpet Area3630 sqftUnder ConstructionPoss. by Jun '30TransactionNew PropertyFurnishingUnfurnishedSocietyThe Wadhwa Artek ParkBathroom5
The Wadhwa Artek Park,₹9.05 Cr ,"3 BHK Flat for Sale in The Wadhwa Artek Park, Bandra Mumbai",Carpet Area1393 sqftUnder ConstructionPoss. by Jun '30TransactionNew PropertyFurnishingUnfurnishedSocietyThe Wadhwa Artek ParkBathroom3
Rustomjee Stella,₹2.77 Cr ,"2 BHK Flat for Sale in Rustomjee Stella, Bandra East Mumbai",Carpet Area695 sqftUnder ConstructionPoss. by Dec '26TransactionNew PropertyFurnishingUnfurnishedSocietyRustomjee StellaBathroom2
Rustomjee Stella,₹2.76 Cr ,"2 BHK Flat for Sale in Rustomjee Stella, Bandra East Mumbai",Carpet Area693 sqftUnder ConstructionPoss. by Dec '26TransactionNew PropertyFurnishingUnfurnishedSocietyRustomjee StellaBathroom2
Rustomjee Stella,₹3.70 Cr ,"3 BHK Flat for Sale in Rustomjee Stella, Bandra East Mumbai",Carpet Area928 sqftUnder ConstructionPoss. by Dec '26TransactionNew PropertyFurnishingUnfurnishedSocietyRustomjee StellaBathroom3Balcony1
Rustomjee Stella,₹3.75 Cr ,"3 BHK Flat for Sale in Rustomjee Stella, Bandra East Mumbai",Carpet Area942 sqftUnder ConstructionPoss. by Dec '26TransactionNew PropertyFurnishingUnfurnishedSocietyRustomjee StellaBathroom3
Rustomjee Stella,₹2.70 Cr ,"2 BHK Flat for Sale in Rustomjee Stella, Bandra East Mumbai",Carpet Area679 sqftUnder ConstructionPoss. by Dec '26TransactionNew PropertyFurnishingUnfurnishedSocietyRustomjee StellaBathroom2
,₹2.67 Cr ,"2 BHK Flat for Sale in Rustomjee Stella, Bandra East Mumbai","Carpet Area695 sqftUnder ConstructionPoss. by Dec '27Floor12 out of 21TransactionNew PropertyFurnishingUnfurnishedfacingEastoverlookingGarden/Park, Pool, Main RoadSocietyRustomjee StellaOwnershipFreeholdCar Parking2 CoveredBathroom2Balcony1"
,₹2.96 Cr ,"3 BHK Apartment for Sale in Ashwin Sheth Edmont Aurelia, Kandivali West Mumbai Western Mumbai",Carpet Area1009 sqftUnder ConstructionPoss. by Aug '29TransactionNew PropertyFurnishingUnfurnishedSocietyAshwin Sheth Edmont AureliaCar Parking1 CoveredBathroom3
,₹7.23 Cr ,"3 BHK Apartment for Sale in Raymond Invictus by GS, Bandra East Mumbai Western Mumbai",Carpet Area1345 sqftUnder ConstructionPoss. by Aug '31TransactionNew PropertyFurnishingUnfurnishedSocietyRaymond Invictus by GSBathroom3Balcony1
,₹9.94 Cr ,"4 BHK Apartment for Sale in Rishabraj Trident, Juhu Mumbai Western Mumbai",Carpet Area1808 sqftTransactionNew PropertyFurnishingUnfurnishedSocietyRishabraj TridentBathroom4
,₹4.88 Cr ,"4 BHK Apartment for Sale in Chandak Greenairy, Borivali East Mumbai Western Mumbai",Carpet Area1378 sqftUnder ConstructionPoss. by Jun '28TransactionNew PropertyFurnishingUnfurnishedSocietyChandak GreenairyBathroom4Balcony1
,₹8.13 Cr ,"3 BHK Apartment for Sale in Adani Ten BKC , Bandra Kurla Complex Mumbai Western Mumbai",Super Area1626 sqftTransactionNew PropertyFurnishingUnfurnishedSocietyAdani Ten BKCBathroom3Balcony1
,₹3.60 Cr ,"3 BHK Apartment for Sale in Lodha Sovrano, Jogeshwari West Mumbai Western Mumbai",Carpet Area1194 sqftUnder ConstructionPoss. by Dec '30TransactionNew PropertyFurnishingUnfurnishedSocietyLodha SovranoBathroom3Balcony1
,₹2.28 Cr ,"  Office Space for Sale in Swaroop Aditya Avenue, Andheri East Mumbai Western Mumbai",Carpet Area634 sqftTransactionNew PropertyBathroom1
,₹11.90 Cr ,"4 BHK Apartment for Sale in Hiranandani Bay Heights, Bandra West Mumbai Western Mumbai",Carpet Area1831 sqftUnder ConstructionPoss. by Nov '30TransactionNew PropertyFurnishingUnfurnishedSocietyHiranandani Bay HeightsBathroom4Balcony4
,₹2.49 Cr ,"2 BHK Apartment for Sale in Ashwin Sheth Edmont Aurelia, Kandivali West Mumbai Western Mumbai",Carpet Area761 sqftTransactionNew PropertyFurnishingUnfurnishedSocietyAshwin Sheth Edmont AureliaBathroom2Balcony1
,₹7.63 Cr ,"3 BHK Apartment for Sale in Radius 10 BKC, Bandra Kurla Complex Mumbai Western Mumbai",Carpet Area1175 sqftTransactionNew PropertyFurnishingUnfurnishedSocietyRadius 10 BKCBathroom3Balcony3
,₹2.64 Cr ,"3 BHK Apartment for Sale in Kalpataru Vivant, Jogeshwari Vikhroli Link Road Mumbai Western Mumbai",Carpet Area850 sqftTransactionNew PropertyFurnishingUnfurnishedSocietyKalpataru Vivant
,₹9.03 Cr ,"5 BHK Apartment for Sale in Matrubhumi The Grand Residences, Borivali East Mumbai Western Mumbai",Carpet Area2589 sqftTransactionNew PropertyFurnishingUnfurnishedSocietyMatrubhumi The Grand Residences
,₹2.37 Cr ,"2 BHK Apartment for Sale in Chandak Greenairy, Borivali East Mumbai Western Mumbai",Carpet Area683 sqftUnder ConstructionPoss. by Jun '28TransactionNew PropertyFurnishingUnfurnishedSocietyChandak GreenairyBathroom2Balcony1
Disha Elysium,₹4.63 Cr ,"3 BHK Apartment for Sale in Disha Elysium, Andheri West Mumbai Western Mumbai",Carpet Area1070 sqftUnder ConstructionPoss. by Mar '30TransactionNew PropertyFurnishingUnfurnishedSocietyDisha ElysiumBathroom3Balcony1
Kumar Vibe Mangrove,₹3.76 Cr ,"3 BHK Apartment for Sale in Kumar Vibe Mangrove, Goregaon West Mumbai Western Mumbai",Carpet Area1090 sqftTransactionNew PropertyFurnishingUnfurnishedSocietyKumar Vibe MangroveBathroom3Balcony1
Regent Priyadarshani,₹4.90 Cr ,"3 BHK Apartment for Sale in Regent Priyadarshani, Vile Parle East Mumbai Western Mumbai",Carpet Area1253 sqftUnder ConstructionPoss. by Mar '29TransactionNew PropertyFurnishingUnfurnishedSocietyRegent PriyadarshaniBathroom2Balcony1
Raymond Invictus by GS,₹7.27 Cr ,"3 BHK Apartment for Sale in Raymond Invictus by GS, Bandra East Mumbai Western Mumbai",Carpet Area1353 sqftUnder ConstructionPoss. by Aug '31TransactionNew PropertyFurnishingUnfurnishedSocietyRaymond Invictus by GSBathroom3Balcony1
Sunbeam Heights,₹4.51 Cr ,"5 BHK Apartment for Sale in Sunbeam Heights, Andheri West Mumbai Western Mumbai",Carpet Area1295 sqftUnder ConstructionPoss. by Dec '27TransactionNew PropertyFurnishingUnfurnishedSocietySunbeam HeightsBathroom3Balcony1
Godrej Sky Shore,₹11.82 Cr ,"4 BHK Apartment for Sale in Godrej Sky Shore, Andheri West Mumbai Western Mumbai",Carpet Area2155 sqftUnder ConstructionPoss. by Dec '31TransactionNew PropertyFurnishingUnfurnishedSocietyGodrej Sky ShoreBathroom3Balcony2
Puravankara Purva Estrella,₹3.37 Cr ,"2 BHK Apartment for Sale in Puravankara Purva Estrella, Andheri West Mumbai Western Mumbai",Carpet Area784 sqftUnder ConstructionPoss. by Jul '32TransactionNew PropertyFurnishingUnfurnishedSocietyPuravankara Purva EstrellaBathroom1Balcony1
Bharat Auravistas,₹9.14 Cr ,"7 BHK Apartment for Sale in Bharat Auravistas, Andheri West Mumbai Western Mumbai",Carpet Area2294 sqftUnder ConstructionPoss. by Jul '29TransactionNew PropertyFurnishingUnfurnishedSocietyBharat AuravistasBathroom5Balcony2
Sahakar Excel Acropolis,₹2.19 Cr ,"2 BHK Apartment for Sale in Sahakar Excel Acropolis, Bandra East Mumbai Western Mumbai",Carpet Area617 sqftUnder ConstructionPoss. by Jun '28TransactionNew PropertyFurnishingUnfurnishedSocietySahakar Excel AcropolisBathroom2Balcony1
Adani Ten BKC ,₹8.13 Cr ,"3 BHK Apartment for Sale in Adani Ten BKC , Bandra Kurla Complex Mumbai Western Mumbai",Super Area1626 sqftTransactionNew PropertyFurnishingUnfurnishedSocietyAdani Ten BKCBathroom3
Rishabraj Avyaana,₹4.56 Cr ,"3 BHK Apartment for Sale in Rishabraj Avyaana, Goregaon West Mumbai Western Mumbai",Carpet Area1340 sqftUnder ConstructionPoss. by Dec '29TransactionNew PropertyFurnishingUnfurnishedSocietyRishabraj AvyaanaBathroom3Balcony1
Bhairav Ocean Breeze,₹1.37 Cr ,"2 BHK Apartment for Sale in Bhairav Ocean Breeze, Kandivali West Mumbai Western Mumbai",Carpet Area610 sqftTransactionNew PropertyFurnishingUnfurnishedSocietyBhairav Ocean BreezeBathroom2Balcony1
Hill View Crest Oaks,₹3.03 Cr ,"3 BHK Apartment for Sale in Hill View Crest Oaks, Marol Mumbai Western Mumbai",Carpet Area1145 sqftTransactionNew PropertyFurnishingUnfurnishedSocietyHill View Crest Oaks
Kolte Patil Vivere,₹4.27 Cr ,"3 BHK Apartment for Sale in Kolte Patil Vivere, Goregaon West Mumbai Western Mumbai",Carpet Area1070 sqftUnder ConstructionPoss. by Aug '30TransactionNew PropertyFurnishingUnfurnishedSocietyKolte Patil VivereBathroom3Balcony1
Sushanku Avenue 37,₹2.44 Cr ,"3 BHK Apartment for Sale in Sushanku Avenue 37, Goregaon West Mumbai Western Mumbai",Super Area827 sqftUnder ConstructionPoss. by Dec '26TransactionNew PropertyFurnishingUnfurnishedSocietySushanku Avenue 37Bathroom2
Godrej Reserve,₹6.15 Cr ,"4 BHK Apartment for Sale in Godrej Reserve, Kandivali East Mumbai Western Mumbai",Carpet Area2016 sqftUnder ConstructionPoss. by Jun '30TransactionNew PropertyFurnishingUnfurnishedSocietyGodrej ReserveBathroom4Balcony2
Puravankara Purva Estrella,₹7.20 Cr ,"4 BHK Apartment for Sale in Puravankara Purva Estrella, Andheri West Mumbai Western Mumbai",Carpet Area1600 sqftUnder ConstructionPoss. by Jul '30TransactionNew PropertyFurnishingUnfurnishedSocietyPuravankara Purva EstrellaBathroom4Balcony1
Shubh Nirvana,₹2.16 Cr ,"3 BHK Apartment for Sale in Shubh Nirvana, Viman Nagar Pune",Carpet Area1332 sqftUnder ConstructionPoss. by Dec '26TransactionNew PropertyFurnishingUnfurnishedSocietyShubh NirvanaBathroom3Balcony2
Pristine KYRA,₹6.02 Cr ,"5 BHK Apartment for Sale in Pristine KYRA, Viman Nagar Pune",Carpet Area2636 sqftUnder ConstructionPoss. by Mar '29TransactionNew PropertyFurnishingUnfurnishedSocietyPristine KYRABathroom5Balcony2
OXY BENICIO PHASE 1,₹2.44 Cr ,"3 BHK Apartment for Sale in OXY BENICIO PHASE 1, Viman Nagar Pune",Carpet Area1129 sqftUnder ConstructionPoss. by Dec '26TransactionNew PropertyFurnishingUnfurnishedSocietyOXY BENICIO PHASE 1Bathroom3Balcony2
Pristine KYRA,₹3.98 Cr ,"3 BHK Apartment for Sale in Pristine KYRA, Viman Nagar Pune",Carpet Area1882 sqftUnder ConstructionPoss. by Mar '29TransactionNew PropertyFurnishingUnfurnishedSocietyPristine KYRABathroom3Balcony2
Shubh Nirvana,₹2.17 Cr ,"3 BHK Apartment for Sale in Shubh Nirvana, Viman Nagar Pune",Carpet Area1332 sqftUnder ConstructionPoss. by Jun '27TransactionNew PropertyFurnishingUnfurnishedSocietyShubh NirvanaBathroom3Balcony2
Shubh Nirvana,₹2.17 Cr ,"3 BHK Apartment for Sale in Shubh Nirvana, Viman Nagar Pune",Carpet Area1332 sqftTransactionNew PropertyFurnishingUnfurnishedSocietyShubh NirvanaBathroom3Balcony2
Pleasant Avenue Apartment,₹75 Lac ,"1 BHK Apartment for Sale in Pleasant Avenue Apartment, Viman Nagar Pune",Carpet Area485 sqftStatusReady to MoveFloor1 out of 6TransactionResaleFurnishingUnfurnishedfacingEastoverlookingMain RoadSocietyPleasant Avenue ApartmentOwnershipFreeholdCar Parking1 OpenBathroom1Balcony1
Nyati Empress,₹3.25 Cr ,"  Shop for Sale in Nyati Empress, Air Force Campus, Viman Nagar Pune",Carpet Area645 sqftStatusReady to MoveFloor1 out of 8TransactionResaleCar Parking1 Covered
Shubh Nirvana,₹2.30 Cr ,"3 BHK Apartment for Sale in Shubh Nirvana, Viman Nagar Pune","Carpet Area1129 sqftStatusReady to MoveFloor7 out of 14TransactionNew PropertyFurnishingSemi-FurnishedfacingNorthoverlookingPool, Garden/Park, Main RoadSocietyShubh NirvanaOwnershipFreeholdCar Parking1 CoveredBathroom3Balcony3"
,₹1 Cr ,  Office Space for Sale in Viman Nagar Pune,Carpet Area500 sqftStatusReady to MoveFloor2 out of 9TransactionResaleCar Parking3 CoveredBathroom1
DNK Square ,₹1.50 Cr ,"  Office Space for Sale in DNK Square , Viman Nagar Pune",Carpet Area600 sqftStatusReady to MoveFloor7 out of 15TransactionResaleCar Parking1 CoveredBathroom1
,₹5 Cr ,  Office Space for Sale in Viman Nagar Pune,Carpet Area3100 sqftStatusReady to MoveFloor4 out of 12TransactionResaleCar Parking7 CoveredBathroom2
,₹3.25 Cr ,3 BHK Apartment for Sale in Viman Nagar Pune,"Super Area1690 sqftStatusReady to MoveFloor6 out of 12TransactionResaleFurnishingUnfurnishedfacingEastoverlookingGarden/Park, PoolOwnershipFreeholdCar Parking2 CoveredBathroom3Balcony1"
Zircon,₹1.99 Cr ,"3 BHK Apartment for Sale in Zircon, Viman Nagar Pune",Carpet Area1115 sqftStatusReady to MoveFloor2 out of 8TransactionResaleFurnishingUnfurnishedfacingSouthoverlookingGarden/ParkSocietyZirconOwnershipFreeholdBathroom3Balcony1
OXY BENICIO PHASE 1,₹1.34 Cr ,"2 BHK Apartment for Sale in OXY BENICIO PHASE 1, Viman Nagar Pune",Carpet Area620 sqftStatusReady to MoveFloor8 out of 11TransactionResaleFurnishingUnfurnishedfacingEastSocietyOXY BENICIO PHASE 1OwnershipFreeholdCar Parking1 CoveredBathroom2Balcony1
Shubh Nirvana,₹2.50 Cr ,"  Shop for Sale in Shubh Nirvana, Viman Nagar Pune",Carpet Area450 sqftUnder ConstructionPoss. by Jun '26FloorGround out of 14TransactionNew PropertyCar Parking1 Covered
,₹5.25 Cr ,"4 BHK Apartment for Sale in Marvel Sonnet , Mhada Colony-Viman Nagar, Viman Nagar Pune",Carpet Area3400 sqftStatusReady to MoveFloor4 out of 6TransactionResaleFurnishingSemi-FurnishedfacingEastoverlookingMain RoadSocietyMarvel SonnetOwnershipFreeholdCar Parking2 CoveredBathroom4Balcony2
Lunkad Sky Vie,₹4.50 Cr ,"3 BHK Penthouse for Sale in Lunkad Sky Vie, Viman Nagar Pune","Carpet Area2352 sqftStatusReady to MoveFloor9 out of 9TransactionResaleFurnishingFurnishedfacingEastoverlookingGarden/Park, Pool, Main RoadSocietyLunkad Sky VieOwnershipFreeholdCar Parking2 CoveredBathroom3Balcony1"
Shubh Nirvana,₹2.49 Cr ,"  Shop for Sale in Shubh Nirvana, Viman Nagar Pune",Carpet Area517 sqftStatusReady to MoveFloorGround out of 12TransactionResaleCar Parking1 Open
Pristine KYRA,₹2.82 Cr ,"3 BHK Apartment for Sale in Pristine KYRA, Viman Nagar Pune",Carpet Area1560 sqftUnder ConstructionPoss. by Dec '27Floor10 out of 22TransactionNew PropertyFurnishingSemi-FurnishedfacingEastSocietyPristine KYRAOwnershipFreeholdCar Parking3 CoveredBathroom3Balcony3
Shubh Gateway,₹92.1 Lac ,"2 BHK Apartment for Sale in Shubh Gateway, Viman Nagar Pune","Carpet Area700 sqftStatusReady to MoveFloor9 out of 17TransactionNew PropertyFurnishingSemi-FurnishedfacingEastoverlookingPool, Garden/ParkSocietyShubh GatewayOwnershipFreeholdCar Parking1 Covered,Bathroom2Balcony2"
Pristine KYRA,₹3.01 Cr ,"3 BHK Apartment for Sale in Pristine KYRA, Viman Nagar Pune",Carpet Area1546 sqftUnder ConstructionPoss. by Mar '28Floor6 out of 12TransactionNew PropertyFurnishingUnfurnishedfacingWestSocietyPristine KYRAOwnershipFreeholdCar Parking2 CoveredBathroom4Balcony1
Rohan Mithila,₹2.30 Cr ,"3 BHK Apartment for Sale in Rohan Mithila, Viman Nagar Pune",Carpet Area1200 sqftStatusReady to MoveFloor1 out of 6TransactionResaleFurnishingSemi-FurnishedSocietyRohan MithilaBathroom3Balcony2
OXY BENICIO PHASE 1,₹2.14 Cr ,"3 BHK Apartment for Sale in OXY BENICIO PHASE 1, Viman Nagar Pune","Carpet Area1129 sqftUnder ConstructionPoss. by Dec '26Floor8 out of 10TransactionNew PropertyFurnishingUnfurnishedfacingEastoverlookingGarden/Park, Pool, Main RoadSocietyOXY BENICIO PHASE 1OwnershipFreeholdCar Parking1 CoveredBathroom3Balcony2"
Shubh Nirvana,₹2.40 Cr ,"3 BHK Apartment for Sale in Shubh Nirvana, Air Force Campus, Viman Nagar Pune",Carpet Area1300 sqftFloor7 out of 12TransactionResaleFurnishingSemi-FurnishedfacingEastoverlookingGarden/ParkSocietyShubh NirvanaOwnershipFreeholdCar Parking2 CoveredBathroom3Balcony3
Pristine KYRA,₹3.98 Cr ,"3 BHK Apartment for Sale in Pristine KYRA, Viman Nagar Pune","Carpet Area1882 sqftUnder ConstructionPoss. by Aug '28Floor10 out of 12TransactionResaleFurnishingSemi-FurnishedfacingEastoverlookingGarden/Park, PoolSocietyPristine KYRAOwnershipCo-operative SocietyCar Parking3 CoveredBathroom4Balcony2"
Pristine KYRA,₹3.98 Cr ,"3 BHK Apartment for Sale in Pristine KYRA, Clover Park, Viman Nagar Pune","Carpet Area1882 sqftUnder ConstructionPoss. by Mar '29TransactionNew PropertyFurnishingUnfurnishedfacingEastoverlookingGarden/Park, Pool, Main RoadSocietyPristine KYRAOwnershipFreeholdCar Parking2 CoveredBathroom5Balcony2"
Marvel Sonnet ,₹5.25 Cr ,"4 BHK Apartment for Sale in Marvel Sonnet , Konark Nagar Pune","Carpet Area4800 sqftStatusReady to MoveFloor4 out of 20TransactionResaleFurnishingFurnishedfacingEastoverlookingGarden/Park, Pool, Main RoadSocietyMarvel SonnetOwnershipFreeholdCar Parking3 CoveredBathroom6Balcony4"
Solitaire Business Hub,₹2.30 Cr ,"  Showroom for Sale in Solitaire Business Hub, Viman Nagar Pune",Carpet Area1335 sqftStatusReady to MoveFloorGround out of 10TransactionResale
Sky Belvedere,₹8.50 Cr ,"4 BHK Apartment for Sale in Sky Belvedere, Viman Nagar Pune","Super Area4505 sqftStatusReady to MoveFloor1 out of 4TransactionResaleFurnishingSemi-FurnishedfacingNorthoverlookingGarden/Park, Pool, Main RoadSocietySky BelvedereOwnershipFreeholdCar Parking3 CoveredBathroom5Balcony2"
,₹1.63 Cr ,"3 BHK Apartment for Sale in The Greenfront at Godrej Park World, Phase 1 Hinjewadi Rajiv Gandhi Infotech Park Pune",Carpet Area1198 sqftUnder ConstructionPoss. by Dec '29TransactionNew PropertyFurnishingUnfurnishedSocietyThe Greenfront at Godrej Park WorldBathroom3Balcony2
,₹81.2 Lac ,"2 BHK Apartment for Sale in Kohinoor Central Park, Phase 2 Hinjewadi Rajiv Gandhi Infotech Park Pune",Super Area725 sqftUnder ConstructionPoss. by Dec '28TransactionNew PropertyFurnishingUnfurnishedSocietyKohinoor Central ParkBathroom2Balcony2
Suratwala Mark Plazzo,₹1.05 Cr ,"  Office Space for Sale in Suratwala Mark Plazzo, Hinjawadi Pune",Carpet Area434 sqftUnder ConstructionPoss. by Dec '27TransactionNew PropertyBathroom1Balcony1
Godrej Evergreen Square,₹1.37 Cr ,"3 BHK Apartment for Sale in Godrej Evergreen Square, Phase 3 Hinjewadi Rajiv Gandhi Infotech Park Pune",Carpet Area1074 sqftUnder ConstructionPoss. by Dec '28TransactionNew PropertyFurnishingUnfurnishedSocietyGodrej Evergreen SquareBathroom3Balcony1
The Greenfront at Godrej Park World,₹1.63 Cr ,"3 BHK Apartment for Sale in The Greenfront at Godrej Park World, Phase 1 Hinjewadi Rajiv Gandhi Infotech Park Pune",Carpet Area1198 sqftUnder ConstructionPoss. by Dec '29TransactionNew PropertyFurnishingUnfurnishedSocietyThe Greenfront at Godrej Park WorldBathroom3Balcony2
Lodha Panache,₹1.62 Cr ,"3 BHK Apartment for Sale in Lodha Panache, Hinjawadi Pune",Carpet Area1088 sqftUnder ConstructionPoss. by Jun '27TransactionNew PropertyFurnishingUnfurnishedSocietyLodha PanacheBathroom3Balcony2
The Greenfront at Godrej Park World,₹1.63 Cr ,"3 BHK Apartment for Sale in The Greenfront at Godrej Park World, Phase 1 Hinjewadi Rajiv Gandhi Infotech Park Pune",Carpet Area1198 sqftUnder ConstructionPoss. by Dec '29TransactionNew PropertyFurnishingUnfurnishedSocietyThe Greenfront at Godrej Park WorldBathroom3Balcony2
Legend Aaradhyam,₹94.5 Lac ,"3 BHK Apartment for Sale in Legend Aaradhyam, Maan Pune",Carpet Area1041 sqftTransactionNew PropertyFurnishingUnfurnishedSocietyLegend AaradhyamBathroom2Balcony2
Lodha Panache,₹1.62 Cr ,"3 BHK Apartment for Sale in Lodha Panache, Hinjawadi Pune",Carpet Area1088 sqftUnder ConstructionPoss. by Jun '27TransactionNew PropertyFurnishingUnfurnishedSocietyLodha PanacheBathroom3Balcony2
Kohinoor Central Park,₹1.06 Cr ,"3 BHK Apartment for Sale in Kohinoor Central Park, Phase 2 Hinjewadi Rajiv Gandhi Infotech Park Pune",Carpet Area955 sqftUnder ConstructionPoss. by Dec '28TransactionNew PropertyFurnishingUnfurnishedSocietyKohinoor Central ParkBathroom3Balcony2
Kohinoor Central Park,₹1.06 Cr ,"3 BHK Apartment for Sale in Kohinoor Central Park, Phase 2 Hinjewadi Rajiv Gandhi Infotech Park Pune",Carpet Area955 sqftUnder ConstructionPoss. by Dec '28TransactionNew PropertyFurnishingUnfurnishedSocietyKohinoor Central ParkBathroom3Balcony3
Saheel Landmarc,₹1.57 Cr ,"4 BHK Apartment for Sale in Saheel Landmarc, Phase 3 Hinjewadi Rajiv Gandhi Infotech Park Pune",Carpet Area1475 sqftUnder ConstructionPoss. by Jun '29TransactionNew PropertyFurnishingUnfurnishedSocietySaheel LandmarcBathroom4Balcony3
Lodha Panache,₹1.62 Cr ,"3 BHK Apartment for Sale in Lodha Panache, Hinjawadi Pune",Carpet Area1088 sqftUnder ConstructionPoss. by Jun '27TransactionNew PropertyFurnishingUnfurnishedSocietyLodha PanacheBathroom3Balcony2
Godrej Eden Estate Phase 3,₹3.04 Cr ,"  Plot/Land for Sale in Godrej Eden Estate Phase 3, Hinjawadi Pune",Plot Area2600 sqftUnder ConstructionPoss. by Mar '27TransactionNew Property
Kolte Patil Canvas Phase 2,₹1.99 Cr ,"4 BHK Apartment for Sale in Kolte Patil Canvas Phase 2, Marunji, Hinjawadi Pune",Carpet Area1700 sqftUnder ConstructionPoss. by Dec '30TransactionNew PropertyFurnishingUnfurnishedSocietyKolte Patil Canvas Phase 2Bathroom3Balcony2
Geras Joy on the Treetops,₹75.2 Lac ,"2 BHK Apartment for Sale in Geras Joy on the Treetops, Phase 3 Hinjewadi Rajiv Gandhi Infotech Park Pune",Carpet Area753 sqftUnder ConstructionPoss. by Dec '28TransactionNew PropertyFurnishingUnfurnishedSocietyGeras Joy on the TreetopsBathroom2Balcony2
Godrej Evergreen Square,₹87.6 Lac ,"2 BHK Apartment for Sale in Godrej Evergreen Square, Phase 3 Hinjewadi Rajiv Gandhi Infotech Park Pune",Carpet Area701 sqftUnder ConstructionPoss. by Dec '28TransactionNew PropertyFurnishingUnfurnishedSocietyGodrej Evergreen SquareBathroom2Balcony2
32 Pinewood Drive,₹67.6 Lac ,"2 BHK Apartment for Sale in 32 Pinewood Drive, Hinjawadi Pune",Carpet Area710 sqftTransactionNew PropertyFurnishingUnfurnishedSociety32 Pinewood DriveBathroom2Balcony1
Pride Park Titan,₹94.3 Lac ,"2 BHK Apartment for Sale in Pride Park Titan, Marunji, Hinjawadi Pune",Carpet Area789 sqftUnder ConstructionPoss. by Mar '28TransactionNew PropertyFurnishingUnfurnishedSocietyPride Park TitanBathroom2Balcony1
Rama Fusion Towers,₹60.8 Lac ,"2 BHK Apartment for Sale in Rama Fusion Towers, Hinjawadi Pune",Carpet Area668 sqftUnder ConstructionPoss. by Dec '26TransactionNew PropertyFurnishingUnfurnishedSocietyRama Fusion TowersBathroom2Balcony2
Lodha Panache,₹1.62 Cr ,"3 BHK Apartment for Sale in Lodha Panache, Hinjawadi Pune",Carpet Area1088 sqftTransactionNew PropertyFurnishingUnfurnishedSocietyLodha PanacheBathroom3Balcony2
Godrej Evergreen Square,₹1.37 Cr ,"3 BHK Apartment for Sale in Godrej Evergreen Square, Phase 3 Hinjewadi Rajiv Gandhi Infotech Park Pune",Carpet Area1074 sqftUnder ConstructionPoss. by Dec '28TransactionNew PropertyFurnishingUnfurnishedSocietyGodrej Evergreen SquareBathroom3Balcony2
VTP MONARQUE,₹1.66 Cr ,"3 BHK Apartment for Sale in VTP MONARQUE, Hinjawadi Pune",Carpet Area1490 sqftTransactionNew PropertyFurnishingUnfurnishedSocietyVTP MONARQUEBathroom3Balcony2
Rising High iBZ Hinjewadi ,₹1.30 Cr ,"  Office Space for Sale in Rising High iBZ Hinjewadi , Phase 2 Hinjewadi Rajiv Gandhi Infotech Park Pune",Carpet Area1016 sqftUnder ConstructionPoss. by Dec '29TransactionNew PropertyBathroom1
Kolte Patil Life Republic Sector R22 Avenue Atmos,₹95.6 Lac ,"3 BHK Apartment for Sale in Kolte Patil Life Republic Sector R22 Avenue Atmos, Hinjawadi Pune",Carpet Area1014 sqftUnder ConstructionPoss. by Oct '27TransactionNew PropertyFurnishingUnfurnishedSocietyKolte Patil Life Republic Sector R22 Avenue AtmosBathroom3Balcony2
,₹82.8 Lac ,"1 BHK Apartment for Sale in The Aqua Retreat at Godrej Park World, Hinjawadi Pune",Carpet Area588 sqftUnder ConstructionPoss. by Sep '30TransactionNew PropertyFurnishingUnfurnishedSocietyThe Aqua Retreat at Godrej Park WorldCar Parking1 CoveredBathroom1
,₹1.49 Cr ,"3 BHK Apartment for Sale in The Greenfront at Godrej Park World, Phase 1 Hinjewadi Rajiv Gandhi Infotech Park Pune",Carpet Area1082 sqftUnder ConstructionPoss. by Dec '29TransactionNew PropertyFurnishingUnfurnishedSocietyThe Greenfront at Godrej Park WorldCar Parking1 CoveredBathroom3
,₹3.21 Cr ,"4 BHK Apartment for Sale in Lodha Magnus, Hinjawadi Pune",Carpet Area1942 sqftUnder ConstructionPoss. by Jul '27TransactionNew PropertyFurnishingUnfurnishedSocietyLodha MagnusBathroom4
,₹74 Lac ,"2 BHK Apartment for Sale in VTP Volare, Hinjawadi Pune","Carpet Area621 sqftUnder ConstructionPoss. by Dec '29Floor17 out of 29TransactionNew PropertyFurnishingUnfurnishedfacingEastoverlookingGarden/Park, PoolSocietyVTP VolareCar Parking1 CoveredBathroom2Balcony1"
Kolte Patil Life Republic,₹1.04 Cr ,"3 BHK Apartment for Sale in Kolte Patil Life Republic, Hinjawadi Pune",Carpet Area1006 sqftStatusReady to MoveFloor6 out of 22TransactionNew PropertyFurnishingSemi-FurnishedfacingWestoverlookingMain RoadSocietyKolte Patil Life RepublicOwnershipFreeholdBathroom3Balcony3
PGM Zenistry,₹1.09 Cr ,"2 BHK Apartment for Sale in PGM Zenistry, Baner Pune",Carpet Area796 sqftUnder ConstructionPoss. by Dec '28TransactionNew PropertyFurnishingUnfurnishedSocietyPGM ZenistryBathroom2Balcony3
Merlin Ventana,₹1.71 Cr ,"3 BHK Apartment for Sale in Merlin Ventana, Baner Pune",Carpet Area1135 sqftUnder ConstructionPoss. by Dec '28TransactionNew PropertyFurnishingUnfurnishedSocietyMerlin VentanaBathroom3Balcony1
Nyati Emerald,₹1.75 Cr ,"3 BHK Apartment for Sale in Nyati Emerald, Baner Pune",Carpet Area1213 sqftUnder ConstructionPoss. by May '27TransactionNew PropertyFurnishingUnfurnishedSocietyNyati EmeraldBathroom3Balcony2
Lodha Massimo,₹7.84 Cr ,"5 BHK Apartment for Sale in Lodha Massimo, Baner Pune",Carpet Area3673 sqftUnder ConstructionPoss. by Jun '29TransactionNew PropertyFurnishingUnfurnishedSocietyLodha MassimoBathroom5Balcony5
Nyati Emerald,₹1.75 Cr ,"3 BHK Apartment for Sale in Nyati Emerald, Baner Pune",Carpet Area1213 sqftUnder ConstructionPoss. by May '27TransactionNew PropertyFurnishingUnfurnishedSocietyNyati EmeraldBathroom3Balcony2
Yashada Business Zone,₹2.76 Cr ,"  Office Space for Sale in Yashada Business Zone, Baner Pune",Carpet Area1197 sqftUnder ConstructionPoss. by Dec '26TransactionNew PropertyBathroom1
Merlin Ventana,₹1.74 Cr ,"3 BHK Apartment for Sale in Merlin Ventana, Baner Pune",Carpet Area1158 sqftUnder ConstructionPoss. by Dec '27TransactionNew PropertyFurnishingUnfurnishedSocietyMerlin VentanaBathroom3Balcony1
Kumar Parth Towers,₹1.48 Cr ,"3 BHK Apartment for Sale in Kumar Parth Towers, Baner Pune",Carpet Area1090 sqftUnder ConstructionPoss. by Dec '26TransactionNew PropertyFurnishingUnfurnishedSocietyKumar Parth TowersBathroom3Balcony2
Kolte Patil 24K Altura,₹2.66 Cr ,"3 BHK Apartment for Sale in Kolte Patil 24K Altura, Baner Pune",Carpet Area1371 sqftUnder ConstructionPoss. by Mar '28TransactionNew PropertyFurnishingUnfurnishedSocietyKolte Patil 24K AlturaBathroom3Balcony2
Jhamtani SpaceBiz,₹19.13 Cr ,"  Office Space for Sale in Jhamtani SpaceBiz, Baner Pune",Carpet Area7740 sqftTransactionNew Property
Avenue Promenade,₹4.55 Cr ,"  Office Space for Sale in Avenue Promenade, Baner Pune",Carpet Area2130 sqftUnder ConstructionPoss. by Dec '27TransactionNew PropertyBathroom1
Star Elements,₹4 Cr ,"4 BHK Apartment for Sale in Star Elements, Baner Pune",Carpet Area2050 sqftUnder ConstructionPoss. by Dec '29TransactionNew PropertyFurnishingUnfurnishedSocietyStar ElementsBathroom4Balcony3
Kolte Patil 24k Sereno,₹3.21 Cr ,"3 BHK Apartment for Sale in Kolte Patil 24k Sereno, Baner Pune",Carpet Area1674 sqftUnder ConstructionPoss. by Dec '29TransactionNew PropertyFurnishingUnfurnishedSocietyKolte Patil 24k SerenoBathroom3Balcony3
Kolte Patil 24K Altura,₹3.35 Cr ,"4 BHK Apartment for Sale in Kolte Patil 24K Altura, Baner Pune",Carpet Area1725 sqftUnder ConstructionPoss. by Mar '28TransactionNew PropertyFurnishingUnfurnishedSocietyKolte Patil 24K AlturaBathroom4Balcony2
Nyati Emerald,₹1.75 Cr ,"3 BHK Apartment for Sale in Nyati Emerald, Baner Pune",Carpet Area1213 sqftUnder ConstructionPoss. by May '27TransactionNew PropertyFurnishingUnfurnishedSocietyNyati EmeraldBathroom3Balcony2
Lodha Massimo,₹3.79 Cr ,"3 BHK Apartment for Sale in Lodha Massimo, Baner Pune",Carpet Area1776 sqftUnder ConstructionPoss. by Jun '29TransactionNew PropertyFurnishingUnfurnishedSocietyLodha MassimoBathroom3Balcony2
Lodha Massimo,₹7.84 Cr ,"5 BHK Apartment for Sale in Lodha Massimo, Baner Pune",Carpet Area3673 sqftUnder ConstructionPoss. by Jun '29TransactionNew PropertyFurnishingUnfurnishedSocietyLodha MassimoBathroom5Balcony5
Kalpataru Jade Skyline,₹1.92 Cr ,"3 BHK Apartment for Sale in Kalpataru Jade Skyline, Baner Pune",Carpet Area1189 sqftStatusReady to MoveTransactionNew PropertyFurnishingUnfurnishedSocietyKalpataru Jade SkylineBathroom3Balcony3
Kumar Parth Towers,₹1.05 Cr ,"2 BHK Apartment for Sale in Kumar Parth Towers, Baner Pune",Carpet Area774 sqftUnder ConstructionPoss. by Dec '26TransactionNew PropertyFurnishingUnfurnishedSocietyKumar Parth TowersBathroom2Balcony1
ANP Privado,₹7.50 Cr ,"4 BHK Apartment for Sale in ANP Privado, Baner Pune",Carpet Area3000 sqftUnder ConstructionPoss. by Sep '31TransactionNew PropertyFurnishingUnfurnishedSocietyANP PrivadoBathroom4Balcony2
Nyati Emerald,₹1.20 Cr ,"2 BHK Apartment for Sale in Nyati Emerald, Baner Pune",Carpet Area838 sqftUnder ConstructionPoss. by May '27TransactionNew PropertyFurnishingUnfurnishedSocietyNyati EmeraldBathroom2Balcony2
Nyati Emerald,₹1.75 Cr ,"3 BHK Apartment for Sale in Nyati Emerald, Baner Pune",Carpet Area1213 sqftUnder ConstructionPoss. by May '27TransactionNew PropertyFurnishingUnfurnishedSocietyNyati EmeraldBathroom3Balcony2
Lodha Massimo,₹7.84 Cr ,"5 BHK Apartment for Sale in Lodha Massimo, Baner Pune",Carpet Area3673 sqftUnder ConstructionPoss. by Jun '29TransactionNew PropertyFurnishingUnfurnishedSocietyLodha MassimoBathroom5Balcony3
ANP Privado,₹7.50 Cr ,"4 BHK Apartment for Sale in ANP Privado, Baner Pune",Carpet Area3000 sqftUnder ConstructionPoss. by Sep '31TransactionNew PropertyFurnishingUnfurnishedSocietyANP PrivadoBathroom4Balcony2
Lodha Massimo,₹6.58 Cr ,"5 BHK Apartment for Sale in Lodha Massimo, Baner Pune",Carpet Area3085 sqftUnder ConstructionPoss. by Jun '27TransactionNew PropertyFurnishingUnfurnishedSocietyLodha MassimoBathroom5Balcony5
Utsav Homes The Address,₹2.20 Cr ,"3 BHK Apartment for Sale in Utsav Homes The Address, Baner Pune",Carpet Area1350 sqftUnder ConstructionPoss. by Dec '26TransactionNew PropertyFurnishingUnfurnishedSocietyUtsav Homes The AddressBathroom3Balcony1
Kumar Parth Towers,₹1.08 Cr ,"2 BHK Apartment for Sale in Kumar Parth Towers, Baner Pune",Carpet Area796 sqftUnder ConstructionPoss. by Dec '26TransactionNew PropertyFurnishingUnfurnishedSocietyKumar Parth TowersBathroom2Balcony1
Kalpataru Jade Skyline,₹1.92 Cr ,"3 BHK Apartment for Sale in Kalpataru Jade Skyline, Baner Pune",Carpet Area1189 sqftUnder ConstructionPoss. by Jun '26TransactionNew PropertyFurnishingUnfurnishedSocietyKalpataru Jade SkylineBathroom3Balcony3
Nyati Emerald,₹1.75 Cr ,"3 BHK Apartment for Sale in Nyati Emerald, Baner Pune",Carpet Area1213 sqftUnder ConstructionPoss. by May '27TransactionNew PropertyFurnishingUnfurnishedSocietyNyati EmeraldBathroom3Balcony2
Nyati Emerald,₹1.75 Cr ,"3 BHK Apartment for Sale in Nyati Emerald, Baner Pune",Carpet Area1213 sqftUnder ConstructionPoss. by May '27TransactionNew PropertyFurnishingUnfurnishedSocietyNyati EmeraldBathroom3Balcony2
,₹1.62 Cr ,3 BHK Apartment for Sale in Sarjapur Road Bangalore South,Super Area1595 sqftTransactionNew PropertyFurnishingUnfurnishedBathroom2Balcony1
Mana Jardin Neo,₹4.84 Cr ,4 BHK Apartment for Sale in Sarjapur Road Bangalore South,Super Area3297 sqftUnder ConstructionPoss. by Dec '32TransactionNew PropertyFurnishingUnfurnishedBathroom4Balcony2
LTG Aishwarya Indraprastha,₹76 Lac ,  Plot/Land for Sale in Mysore Road Bangalore South,Plot Area2400 sqftTransactionNew Property
Everfine Straatosphere,₹8.38 Cr ,3 BHK Villa for Sale in J P Nagar Bangalore South,Super Area3456 sqftUnder ConstructionPoss. by Nov '28TransactionNew PropertyFurnishingUnfurnishedCar Parking1 OpenBathroom3Balcony3
Nambiar District 25 Phase 1,₹4.08 Cr ,4 BHK Apartment for Sale in Anekal Bangalore South,Super Area2995 sqftUnder ConstructionPoss. by Dec '30TransactionNew PropertyFurnishingUnfurnishedBathroom4Balcony1
Lodha Azur,₹1.69 Cr ,2 BHK Apartment for Sale in Bannerghatta Main Road Bangalore South,Super Area1248 sqftUnder ConstructionPoss. by Dec '30TransactionNew PropertyFurnishingUnfurnishedBathroom2Balcony1
Pragathi Amber,₹1.13 Cr ,3 BHK Apartment for Sale in Electronic City Bangalore South,Super Area1550 sqftTransactionNew PropertyFurnishingUnfurnishedBathroom3Balcony2
Vedanth Suraksha Courtyard ,₹1.95 Cr ,3 BHK Apartment for Sale in Gottigere Bangalore South,Super Area1760 sqftUnder ConstructionPoss. by Dec '29TransactionNew PropertyFurnishingUnfurnishedBathroom3Balcony3
Adarsh Welkin Park,₹1.49 Cr ,3 BHK Apartment for Sale in Sarjapur Road Bangalore South,Super Area1368 sqftUnder ConstructionPoss. by Mar '30TransactionNew PropertyFurnishingUnfurnishedBathroom3Balcony3
Fortune Seven Sarjapur,₹1.54 Cr ,4 BHK Apartment for Sale in Sarjapura Bangalore South,Super Area1912 sqftUnder ConstructionPoss. by Mar '30TransactionNew PropertyFurnishingUnfurnishedBathroom3Balcony3
JRC Palladio,₹3.76 Cr ,4 BHK Villa for Sale in Sarjapur Road Bangalore South,Super Area3327 sqftTransactionNew PropertyFurnishingUnfurnishedCar Parking1 OpenBathroom4Balcony4
Aratt Alchemy Elixir,₹1.30 Cr ,3 BHK Apartment for Sale in Electronic City Bangalore South,Super Area1342 sqftUnder ConstructionPoss. by Sep '26Floor10 out of 17TransactionNew PropertyFurnishingUnfurnishedfacingWestOwnershipFreeholdCar Parking1 CoveredBathroom2Balcony2
Purva Silversky,₹2.60 Cr ,3 BHK Apartment for Sale in Electronic City Bangalore South,Super Area1850 sqftUnder ConstructionPoss. by Jul '30TransactionNew PropertyFurnishingUnfurnishedBathroom3Balcony3
Meridian Park at The Prestige City,₹2.35 Cr ,3 BHK Apartment for Sale in Sarjapur Road Bangalore South,Super Area1868 sqftUnder ConstructionPoss. by Dec '26TransactionNew PropertyFurnishingUnfurnishedBathroom3Balcony3
Roach Cicada,₹4.32 Cr ,4 BHK Apartment for Sale in Sarjapur Road Bangalore South,Super Area2954 sqftUnder ConstructionPoss. by Dec '29TransactionNew PropertyFurnishingUnfurnishedBathroom5Balcony3
NVT A Wonderful World Phase I,₹3.99 Cr ,4 BHK Villa for Sale in Sarjapur Road Bangalore South,Super Area2368 sqftUnder ConstructionPoss. by Dec '30TransactionNew PropertyFurnishingUnfurnishedCar Parking1 OpenBathroom4Balcony4
Lodha Haven,₹5.35 Cr ,"4 BHK Apartment for Sale in Hosa Road, off Hosur Road Bangalore South",Super Area2400 sqftUnder ConstructionPoss. by Mar '29TransactionNew PropertyFurnishingUnfurnishedBathroom4Balcony4
Aspen Greens At The Prestige City,₹6.83 Cr ,4 BHK Villa for Sale in Sarjapur Road Bangalore South,Carpet Area2411 sqftTransactionNew PropertyFurnishingUnfurnishedCar Parking1 OpenBathroom4Balcony2
Nambiar District 25,₹3.09 Cr ,4 BHK Apartment for Sale in Sarjapur Road Bangalore South,Super Area2512 sqftUnder ConstructionPoss. by Aug '30TransactionNew PropertyFurnishingUnfurnishedBathroom4Balcony4
Sobha Infinia Phase 2,₹3.89 Cr ,3 BHK Apartment for Sale in Hsr Layout Bangalore South,Carpet Area1273 sqftUnder ConstructionPoss. by Dec '30TransactionNew PropertyFurnishingUnfurnishedBathroom3Balcony1
Mana Jardin Neo,₹10.56 Cr ,5 BHK Apartment for Sale in Sarjapur Road Bangalore South,Super Area7161 sqftUnder ConstructionPoss. by Dec '32TransactionNew PropertyFurnishingUnfurnishedBathroom5Balcony3
Prestige Smart City,₹7.19 Cr ,4 BHK Villa for Sale in Sarjapur Road Bangalore South,Super Area3593 sqftTransactionNew PropertyFurnishingUnfurnishedCar Parking1 OpenBathroom4Balcony4
Aspen Greens At The Prestige City,₹6.87 Cr ,4 BHK Villa for Sale in Sarjapur Road Bangalore South,Carpet Area2428 sqftTransactionNew PropertyFurnishingUnfurnishedCar Parking1 OpenBathroom4Balcony2
Mana Dale,₹2.34 Cr ,4 BHK Apartment for Sale in Sarjapur Road Bangalore South,Super Area2145 sqftUnder ConstructionPoss. by Jun '27TransactionNew PropertyFurnishingUnfurnishedBathroom4Balcony3
Sobha Madison Heights Townpark Phase 1 W5 To 7,₹1.75 Cr ,2 BHK Apartment for Sale in Anekal Bangalore South,Super Area1240 sqftUnder ConstructionPoss. by Dec '30TransactionNew PropertyFurnishingUnfurnishedBathroom2Balcony1
DSR The Courtyard,₹1.71 Cr ,3 BHK Apartment for Sale in Sarjapur Road Bangalore South,Super Area1608 sqftUnder ConstructionPoss. by May '26TransactionNew PropertyFurnishingUnfurnishedBathroom3Balcony1
Urbanrise Paradise On Earth,₹5.03 Cr ,5 BHK Villa for Sale in Kanakapura Road Bangalore South,Super Area2725 sqftStatusReady to MoveTransactionNew PropertyFurnishingUnfurnishedCar Parking1 OpenBathroom4Balcony3
NVT Symphony of Orchards,₹5.28 Cr ,4 BHK Villa for Sale in Sarjapur Road Bangalore South,Super Area3519 sqftTransactionNew PropertyFurnishingUnfurnishedCar Parking1 OpenBathroom5Balcony4
Trendsquares Synergy,₹1.61 Cr ,4 BHK Apartment for Sale in Sarjapur Road Bangalore South,Super Area1715 sqftUnder ConstructionPoss. by Sep '28TransactionNew PropertyFurnishingUnfurnishedBathroom2Balcony2
Eaton Park at The Prestige City,₹3.15 Cr ,4 BHK Apartment for Sale in Sarjapur Road Bangalore South,Super Area2492 sqftUnder ConstructionPoss. by Jun '30TransactionNew PropertyFurnishingUnfurnishedBathroom4Balcony4
,₹4.68 Cr ,4 BHK Apartment for Sale in Marathahalli Bangalore Central,Super Area3115 sqftTransactionNew PropertyFurnishingUnfurnishedBathroom4Balcony4
Sumadhura Solace,₹3.78 Cr ,4 BHK Apartment for Sale in Marathahalli Bangalore Central,Super Area2270 sqftUnder ConstructionPoss. by Dec '29TransactionNew PropertyFurnishingUnfurnishedBathroom4Balcony2
HM Grandeur,₹7.57 Cr ,3 BHK Apartment for Sale in Pulikeshi Nagar Bangalore Central,Super Area3096 sqftTransactionNew PropertyFurnishingUnfurnishedBathroom3Balcony3
Prestige North Point,₹2.44 Cr ,2 BHK Apartment for Sale in Kammanahalli Bangalore Central,Super Area1253 sqftTransactionNew PropertyFurnishingUnfurnishedBathroom1Balcony2
Heriitage Signature,₹2.39 Cr ,3 BHK Apartment for Sale in Shanti Nagar Bangalore Central,Super Area2275 sqftTransactionNew PropertyFurnishingUnfurnishedBathroom3Balcony3
Sumadhura Solace,₹3.78 Cr ,4 BHK Apartment for Sale in Marathahalli Bangalore Central,Super Area2270 sqftUnder ConstructionPoss. by Dec '29TransactionNew PropertyFurnishingUnfurnishedBathroom4Balcony2
DNR Arista,₹3.62 Cr ,"4 BHK Apartment for Sale in Bellandur, Outer Ring Road Bangalore Central",Super Area2025 sqftTransactionNew PropertyFurnishingUnfurnishedBathroom4Balcony3
Phoenix Kessaku,₹26.89 Cr ,4 BHK Apartment for Sale in Rajajinagar Bangalore Central,Super Area6559 sqftTransactionNew PropertyFurnishingUnfurnishedBathroom4Balcony3
Sumadhura Solace,₹4.47 Cr ,4 BHK Apartment for Sale in Marathahalli Bangalore Central,Super Area2720 sqftUnder ConstructionPoss. by Dec '29TransactionNew PropertyFurnishingUnfurnishedBathroom4Balcony2
Adarsh Lakefront,₹4.24 Cr ,"3 BHK Apartment for Sale in Bellandur, Outer Ring Road Bangalore Central",Carpet Area1639 sqftTransactionNew PropertyFurnishingUnfurnishedBathroom3Balcony2
Century Mirai Phase I,₹4.86 Cr ,4 BHK Apartment for Sale in Marathahalli Bangalore Central,Super Area3115 sqftTransactionNew PropertyFurnishingUnfurnished
Sobha Rajvilas,₹4.14 Cr ,3 BHK Apartment for Sale in Rajajinagar Bangalore Central,Super Area1982 sqftTransactionNew PropertyFurnishingUnfurnishedBathroom4Balcony2
Assetz 63 Degree East,₹138.73 Cr ,2 BHK Apartment for Sale in RMV Extension Stage 2nd RMV Bangalore Central,Super Area1159 sqftTransactionNew PropertyFurnishingUnfurnishedBathroom2Balcony2
TVS Emerald Cascadia,₹15.23 Cr ,4 BHK Apartment for Sale in Mission Road Bangalore Central,Super Area5244 sqftUnder ConstructionPoss. by Aug '30TransactionNew PropertyFurnishingUnfurnishedBathroom4Balcony4
Sumadhura Solace,₹3.78 Cr ,4 BHK Apartment for Sale in Marathahalli Bangalore Central,Super Area2270 sqftUnder ConstructionPoss. by Dec '29TransactionNew PropertyFurnishingUnfurnishedBathroom4Balcony2
Sobha Rajvilas,₹4.53 Cr ,4 BHK Apartment for Sale in Rajajinagar Bangalore Central,Super Area2171 sqftTransactionNew PropertyFurnishingUnfurnishedBathroom4Balcony2
Adarsh Lakefront,₹2.46 Cr ,"2 BHK Apartment for Sale in Bellandur, Outer Ring Road Bangalore Central",Carpet Area882 sqftTransactionNew PropertyFurnishingUnfurnishedBathroom2Balcony1
Puravankara Orient Grand,₹8.75 Cr ,4 BHK Apartment for Sale in Lal Bagh Main Road Bangalore Central,Super Area3320 sqftTransactionNew PropertyFurnishingUnfurnishedBathroom5Balcony3
Sumadhura Solace,₹3.78 Cr ,4 BHK Apartment for Sale in Marathahalli Bangalore Central,Super Area2270 sqftUnder ConstructionPoss. by Dec '29TransactionNew PropertyFurnishingUnfurnishedBathroom4Balcony2
Adarsh Lakefront,₹4.24 Cr ,"3 BHK Apartment for Sale in Bellandur, Outer Ring Road Bangalore Central",Carpet Area1639 sqftTransactionNew PropertyFurnishingUnfurnishedBathroom3Balcony2
,₹4.43 Cr ,4 BHK Apartment for Sale in Stage 2nd Banashankari Bangalore Central,Super Area2567 sqftUnder ConstructionPoss. by Jun '30TransactionNew PropertyFurnishingUnfurnishedCar Parking1 CoveredBathroom4
,₹1.84 Cr ,"3 BHK Apartment for Sale in Bellandur, Outer Ring Road Bangalore Central","Carpet Area1290 sqftUnder ConstructionPoss. by Dec '27Floor7 out of 17TransactionNew PropertyFurnishingUnfurnishedfacingEastoverlookingGarden/Park, Pool, Main RoadOwnershipFreeholdCar Parking1 CoveredBathroom3Balcony2"
Shapoorji Pallonji Parkwest Phase 2,₹1.95 Cr ,2 BHK Apartment for Sale in Binny Pete Bangalore Central,"Carpet Area1018 sqftStatusReady to MoveFloor3 out of 30TransactionResaleFurnishingSemi-FurnishedfacingWestoverlookingGarden/Park, Pool, Main RoadOwnershipFreeholdCar Parking1 CoveredBathroom2Balcony1"
Indraprastha Schon,₹26 Cr ,"4 BHK Apartment for Sale in Richmond Town, Richmond Town Bangalore Central","Super Area7057 sqftStatusReady to MoveFloor2 out of 7TransactionResaleFurnishingSemi-FurnishedfacingNorth - EastoverlookingPool, Garden/Park, Main RoadOwnershipFreeholdBathroom5Balcony4"
Assetz 63 Degree East,₹3.10 Cr ,4 BHK Apartment for Sale in RMV Extension Stage 2nd RMV Bangalore Central,"Carpet Area1523 sqftStatusReady to MoveFloor17 out of 19TransactionResaleFurnishingUnfurnishedfacingEastoverlookingGarden/ParkOwnershipFreeholdCar Parking1 Covered,Bathroom4Balcony3"
,₹3.11 Cr ,3 BHK Apartment for Sale in Binny Pete Bangalore Central,Carpet Area2099 sqftUnder ConstructionPoss. by Feb '29Floor14 out of 30TransactionNew PropertyFurnishingUnfurnishedBathroom3
Hiranandani Bannerghatta,₹2.30 Cr ,3 BHK Apartment for Sale in Akash Nagar Bangalore Central,Carpet Area1100 sqftStatusReady to MoveTransactionResaleFurnishingSemi-FurnishedfacingWestoverlookingGarden/ParkOwnershipFreeholdCar Parking1 CoveredBathroom3Balcony2
Prestige Kenilworth,₹14.49 Cr ,4 BHK Penthouse for Sale in Cunningham Road Bangalore Central,"Carpet Area2800 sqftStatusReady to MoveFloor6 out of 23TransactionResaleFurnishingUnfurnishedfacingEastoverlookingGarden/Park, Main RoadOwnershipFreeholdCar Parking2 CoveredBathroom3Balcony3"
Phoenix Kessaku,₹9.01 Cr ,4 BHK Apartment for Sale in Rajajinagar Bangalore Central,Carpet Area3900 sqftStatusReady to MoveFloor9 out of 27TransactionNew PropertyFurnishingUnfurnishedfacingEastoverlookingGarden/ParkOwnershipFreeholdCar Parking3 CoveredBathroom5Balcony3
Orchid Lakeview,₹1.80 Cr ,"2 BHK Apartment for Sale in Bellandur, Outer Ring Road Bangalore Central",Super Area1281 sqftStatusReady to MoveFloor2 out of 13TransactionResaleFurnishingSemi-FurnishedfacingEastoverlookingGarden/ParkOwnershipFreeholdCar Parking1 CoveredBathroom2Balcony4
Stephens Enclave,₹1.90 Cr ,3 BHK Apartment for Sale in Frazer Town Bangalore North East,Carpet Area1560 sqftStatusReady to MoveFloor2 out of 4TransactionResaleFurnishingSemi-FurnishedfacingEastoverlookingMain RoadOwnershipFreeholdCar Parking1 CoveredBathroom3
,₹8 Cr ,3 BHK Apartment for Sale in Frazer Town Bangalore North East,"Carpet Area2800 sqftStatusReady to MoveFloor9 out of 22TransactionNew PropertyFurnishingUnfurnishedfacingEastoverlookingMain Road, Garden/Park, PoolOwnershipFreeholdCar Parking2 CoveredBathroom4Balcony3"
,₹13 Cr ,4 BHK Apartment for Sale in Frazer Town Bangalore North East,"Carpet Area5034 sqftStatusReady to MoveFloor3 out of 4TransactionResaleFurnishingSemi-FurnishedoverlookingGarden/Park, Main RoadCar Parking2 CoveredBathroom3Balcony3"
,₹2.35 Cr ,2 BHK  House for Sale in Frazer Town Bangalore North East,Carpet Area900 sqftStatusReady to MoveFloorGround out of 3TransactionResaleFurnishingSemi-FurnishedfacingWestoverlookingMain RoadOwnershipFreeholdDimensions25 X 45 ft SqftBathroom2Balcony1
,₹44.4 Lac ,  Plot/Land for Sale in Malur Whitefield Road Bangalore North East,"Plot Area1200 sqftDimensions (L X B)30 X 40OwnershipFreeholdTransactionNew Propertyfloors allowed for construction4Open Sides2Width of road facing the plot9 moverlookingGarden/Park, Main RoadBoundaryYes"
,₹3.80 Cr ,4 BHK Apartment for Sale in Frazer Town Bangalore North East,Carpet Area3600 sqftStatusReady to MoveFloor3 out of 4TransactionResaleFurnishingFurnishedCar Parking1 CoveredBathroom5Balcony2
,₹6.50 Cr ,2 BHK  House for Sale in Frazer Town Bangalore North East,Carpet Area1200 sqftStatusReady to MoveTransactionResaleFurnishingFurnishedfacingEastBathroom2Balcony1
,₹1.90 Cr ,3 BHK Builder Floor for Sale in Frazer Town Bangalore North East,Super Area1560 sqftStatusReady to MoveFloor3 out of 5TransactionResaleFurnishingSemi-FurnishedfacingEastoverlookingMain RoadOwnershipFreeholdCar Parking1 CoveredBathroom3Balcony3
,₹27.9 Lac ,  Plot/Land for Sale in Malur Whitefield Road Bangalore North East,"Plot Area1074 sqftDimensions (L X B)30 X 35.8OwnershipFreeholdTransactionNew PropertyOpen Sides3Width of road facing the plot9 moverlookingGarden/Park, Main RoadBoundaryYes"
,₹2.60 Cr ,  Office Space for Sale in Frazer Town Bangalore North East,Carpet Area1300 sqftStatusReady to MoveFloor1 out of 4TransactionResaleBathroom1
,₹8.50 Cr ,3 BHK  House for Sale in Frazer Town Bangalore North East,Super Area2923 sqftStatusReady to MoveTransactionResaleFurnishingSemi-FurnishedfacingNorthOwnershipFreeholdDimensions60 X 21.67 ft SqftBathroom3Balcony2
,₹1.30 Cr ,3 BHK Villa for Sale in Malur Whitefield Road Bangalore North East,"Carpet Area1700 sqftStatusReady to MoveTransactionResaleFurnishingSemi-FurnishedfacingEastoverlookingGarden/Park, Main RoadOwnershipFreeholdBathroom3Balcony2"
,₹2 Cr ,3 BHK Apartment for Sale in Frazer Town Bangalore North East,Carpet Area1500 sqftStatusReady to MoveFloor3 out of 4TransactionResaleFurnishingSemi-FurnishedfacingEastoverlookingMain RoadOwnershipFreeholdBathroom3Balcony3
rafeeq enclave,₹1.25 Cr ,2 BHK Apartment for Sale in Frazer Town Bangalore North East,"Carpet Area1000 sqftStatusReady to MoveFloor1 out of 4TransactionResaleFurnishingSemi-FurnishedfacingEastoverlookingGarden/Park, Main RoadOwnershipFreeholdCar Parking1 CoveredBathroom2Balcony1"
,₹6.30 Cr ,2 BHK  House for Sale in Frazer Town Bangalore North East,"Super Area2376 sqftStatusReady to MoveTransactionResaleFurnishingUnfurnishedfacingEastoverlookingMain RoadOwnershipFreeholdCar Parking1 Covered,Bathroom2Balcony1"
,₹49 Lac ,  Plot/Land for Sale in Malur Whitefield Road Bangalore North East,"Plot Area1500 sqftDimensions (L X B)30 X 50OwnershipFreeholdTransactionResalefloors allowed for construction2Open Sides1Width of road facing the plot20 moverlookingGarden/Park, Main RoadBoundaryNo"
,₹2.20 Cr ,3 BHK Apartment for Sale in Frazer Town Bangalore North East,Carpet Area2000 sqftStatusReady to MoveFloor2 out of 5TransactionResaleFurnishingSemi-FurnishedfacingNorthoverlookingMain RoadOwnershipFreeholdBathroom4Balcony3
,₹8.50 Cr ,6 BHK  House for Sale in Frazer Town Bangalore North East,Carpet Area2923 sqftStatusReady to MoveTransactionResaleFurnishingSemi-FurnishedfacingEastoverlookingMain RoadOwnershipFreeholdBathroom5
,₹1.20 Cr ,3 BHK Villa for Sale in Malur Whitefield Road Bangalore North East,Carpet Area2000 sqftStatusReady to MoveTransactionResaleFurnishingUnfurnishedBathroom4Balcony1
Aswan Ventures The Courtyard Square,₹2.49 Cr ,3 BHK Apartment for Sale in Frazer Town Bangalore North East,Carpet Area1595 sqftStatusReady to MoveFloor4 out of 6TransactionResaleFurnishingSemi-FurnishedfacingNorthoverlookingGarden/ParkOwnershipFreeholdCar Parking1 CoveredBathroom3Balcony2
,₹45 Lac ,  Plot/Land for Sale in Malur Whitefield Road Bangalore North East,Plot Area13500 sqftDimensions (L X B)150 X 90TransactionResaleOpen Sides1Width of road facing the plot30 mBoundaryYes
,₹9 Cr ,  Plot/Land for Sale in Frazer Town Bangalore North East,Plot Area4650 sqftOwnershipFreeholdTransactionResalefloors allowed for construction6Open Sides2Width of road facing the plot40 mBoundaryYes
,₹42 Lac ,  Plot/Land for Sale in Malur Whitefield Road Bangalore North East,Plot Area10800 sqftDimensions (L X B)90 X 120OwnershipFreeholdTransactionResaleOpen Sides4Width of road facing the plot30 mBoundaryNo
,₹50 Lac ,  Plot/Land for Sale in Malur Whitefield Road Bangalore North East,Plot Area1500 sqftOwnershipFreeholdTransactionResalefloors allowed for construction3Open Sides1Width of road facing the plot12 mBoundaryNo
,₹1.09 Cr ,2 BHK Apartment for Sale in Frazer Town Bangalore North East,Carpet Area900 sqftStatusReady to MoveFloor2 out of 4TransactionNew PropertyFurnishingUnfurnishedfacingWestoverlookingMain RoadOwnershipFreeholdBathroom2Balcony1
,₹30 Lac ,  Plot/Land for Sale in Malur Whitefield Road Bangalore North East,"Plot Area1200 sqftDimensions (L X B)40 X 30OwnershipFreeholdTransactionResalefloors allowed for construction3Open Sides2Width of road facing the plot30 moverlookingGarden/Park, Main RoadBoundaryYes"
Aakruthi Natureville,₹58 Lac ,  Plot/Land for Sale in Malur Whitefield Road Bangalore North East,Plot Area2400 sqftOwnershipFreeholdTransactionResaleoverlookingGarden/ParkBoundaryNo
Embassy Oasis,₹12.50 Cr ,4 BHK Apartment for Sale in Frazer Town Bangalore North East,Super Area4084 sqftStatusReady to MoveFloor6 out of 14TransactionResaleFurnishingSemi-FurnishedBathroom6Balcony2
,₹35 Lac ,2 BHK  House for Sale in Frazer Town Bangalore North East,Super Area1000 sqftStatusReady to MoveTransactionResaleFurnishingSemi-FurnishedBathroom2
,₹1.15 Cr ,5 BHK  House for Sale in Frazer Town Bangalore North East,Carpet Area600 sqftStatusReady to MoveTransactionResaleFurnishingUnfurnishedfacingWestOwnershipFreeholdDimensions16.73 X 40 ft SqftBathroom3Balcony2
,₹1.69 Cr ,3 BHK Apartment for Sale in Hennur Main Road Bangalore North,Super Area1754 sqftTransactionNew PropertyFurnishingUnfurnishedBathroom3Balcony2
Godrej Aveline,₹4.50 Cr ,4 BHK Apartment for Sale in Yelahanka Bangalore North,Super Area2500 sqftUnder ConstructionPoss. by Mar '31TransactionNew PropertyFurnishingUnfurnishedBathroom4Balcony4
Vajram Vivera,₹3.29 Cr ,4 BHK Apartment for Sale in Yelahanka Bangalore North,Super Area2406 sqftUnder ConstructionPoss. by Feb '30TransactionNew PropertyFurnishingUnfurnishedBathroom4Balcony2
Northern Lights by Puravankara KVN,₹4.62 Cr ,4 BHK Apartment for Sale in Bagalur Main Road Bangalore North,Super Area4131 sqftUnder ConstructionPoss. by Dec '31TransactionNew PropertyFurnishingUnfurnishedBathroom3
TVS Emerald Auralis,₹2.16 Cr ,3 BHK Apartment for Sale in Yelahanka Bangalore North,Super Area1793 sqftUnder ConstructionPoss. by Jun '30TransactionNew PropertyFurnishingUnfurnishedBathroom3Balcony2
Godrej Aveline,₹4.50 Cr ,4 BHK Apartment for Sale in Yelahanka Bangalore North,Super Area2500 sqftUnder ConstructionPoss. by Mar '31TransactionNew PropertyFurnishingUnfurnishedBathroom4Balcony4
CKPC Winds of Change,₹1.19 Cr ,2 BHK Apartment for Sale in Yelahanka Bangalore North,Super Area1219 sqftUnder ConstructionPoss. by Mar '29TransactionNew PropertyFurnishingUnfurnishedBathroom2Balcony1
Aratt Alchemy Essence,₹1.69 Cr ,3 BHK Apartment for Sale in Hennur Main Road Bangalore North,Super Area1754 sqftUnder ConstructionPoss. by Mar '30TransactionNew PropertyFurnishingUnfurnishedBathroom3Balcony2
Bricks and Milestones Solcrest,₹2.15 Cr ,4 BHK Apartment for Sale in Hennur Main Road Bangalore North,Super Area2200 sqftUnder ConstructionPoss. by Nov '30TransactionNew PropertyFurnishingUnfurnishedBathroom4Balcony3
Down By The Water,₹14.60 Cr ,4 BHK Apartment for Sale in Jakkur Bangalore North,Super Area6480 sqftUnder ConstructionPoss. by May '31TransactionNew PropertyFurnishingUnfurnishedBathroom4Balcony3
Down By The Water,₹11.24 Cr ,4 BHK Apartment for Sale in Jakkur Bangalore North,Super Area4980 sqftUnder ConstructionPoss. by May '31TransactionNew PropertyFurnishingUnfurnishedBathroom4Balcony3
Bricks and Milestones Solcrest,₹2.15 Cr ,4 BHK Apartment for Sale in Hennur Main Road Bangalore North,Super Area2200 sqftUnder ConstructionPoss. by Nov '30TransactionNew PropertyFurnishingUnfurnishedBathroom4Balcony3
Godrej Aveline,₹4.50 Cr ,4 BHK Apartment for Sale in Yelahanka Bangalore North,Super Area2500 sqftUnder ConstructionPoss. by Mar '31TransactionNew PropertyFurnishingUnfurnishedBathroom4Balcony4
Kolte Patil Lakeside 24,₹1.46 Cr ,3 BHK Apartment for Sale in Hennur Main Road Bangalore North,Super Area1574 sqftUnder ConstructionPoss. by Oct '28TransactionNew PropertyFurnishingUnfurnishedBathroom3Balcony2
Northern Lights by Puravankara KVN,₹2.23 Cr ,3 BHK Apartment for Sale in Bagalur Main Road Bangalore North,Super Area1962 sqftUnder ConstructionPoss. by Dec '31TransactionNew PropertyFurnishingUnfurnishedBathroom3
CKPC Winds of Change,₹1.17 Cr ,2 BHK Apartment for Sale in Yelahanka Bangalore North,Super Area1206 sqftUnder ConstructionPoss. by Mar '29TransactionNew PropertyFurnishingUnfurnishedBathroom2Balcony2
Adarsh Palm Acres,₹5.67 Cr ,4 BHK Villa for Sale in Huttanahalli Bangalore North,Super Area3375 sqftUnder ConstructionPoss. by Sep '31TransactionNew PropertyFurnishingUnfurnishedCar Parking1 OpenBathroom4Balcony4
Godrej Aveline,₹4.50 Cr ,4 BHK Apartment for Sale in Yelahanka Bangalore North,Super Area2500 sqftUnder ConstructionPoss. by Mar '31TransactionNew PropertyFurnishingUnfurnishedBathroom4Balcony3
AJMERA MARINA,₹1.69 Cr ,3 BHK Apartment for Sale in Yelahanka Bangalore North,Super Area1600 sqftUnder ConstructionPoss. by Dec '28TransactionNew PropertyFurnishingUnfurnishedBathroom3Balcony2
Godrej Aveline,₹3.42 Cr ,3 BHK Apartment for Sale in Yelahanka Bangalore North,Super Area1900 sqftUnder ConstructionPoss. by Mar '31TransactionNew PropertyFurnishingUnfurnishedBathroom3Balcony3
Northern Lights by Puravankara KVN,₹4.62 Cr ,4 BHK Apartment for Sale in Bagalur Main Road Bangalore North,Super Area4131 sqftUnder ConstructionPoss. by Dec '31TransactionNew PropertyFurnishingUnfurnishedBathroom3
Bhartiya Garden Estate ,₹2.93 Cr ,4 BHK Apartment for Sale in Yelahanka Bangalore North,Carpet Area1651 sqftUnder ConstructionPoss. by Aug '30TransactionNew PropertyFurnishingUnfurnishedBathroom5Balcony4
Godrej Aveline,₹4.50 Cr ,4 BHK Apartment for Sale in Yelahanka Bangalore North,Super Area2500 sqftUnder ConstructionPoss. by Mar '31TransactionNew PropertyFurnishingUnfurnishedBathroom4Balcony4
Assetz Zen and Sato,₹3.90 Cr ,4 BHK Apartment for Sale in Yelahanka Bangalore North,Super Area2955 sqftUnder ConstructionPoss. by May '30TransactionNew PropertyFurnishingUnfurnishedBathroom4Balcony3
Assetz Soho & Sky,₹2.63 Cr ,3 BHK Apartment for Sale in Jakkur Bangalore North,Carpet Area1339 sqftUnder ConstructionPoss. by Sep '26TransactionNew PropertyFurnishingUnfurnishedBathroom3Balcony1
SNN Clermont,₹5.39 Cr ,4 BHK Apartment for Sale in Hebbal Bangalore North,Super Area3210 sqftTransactionNew PropertyFurnishingUnfurnishedBathroom5Balcony3
Godrej Aveline,₹4.50 Cr ,4 BHK Apartment for Sale in Yelahanka Bangalore North,Super Area2500 sqftUnder ConstructionPoss. by Mar '31TransactionNew PropertyFurnishingUnfurnishedBathroom4Balcony4
CKPC Winds of Change,₹91 Lac ,1 BHK Apartment for Sale in Yelahanka Bangalore North,Super Area916 sqftUnder ConstructionPoss. by Mar '29TransactionNew PropertyFurnishingUnfurnishedBathroom1Balcony1
Northern Lights by Puravankara KVN,₹4.50 Cr ,4 BHK Apartment for Sale in Bagalur Main Road Bangalore North,Super Area4017 sqftUnder ConstructionPoss. by Dec '31TransactionNew PropertyFurnishingUnfurnishedBathroom4Balcony3
Godrej Aveline,₹4.50 Cr ,4 BHK Apartment for Sale in Yelahanka Bangalore North,Super Area2500 sqftUnder ConstructionPoss. by Mar '31TransactionNew PropertyFurnishingUnfurnishedBathroom4Balcony4
,₹8.45 Cr ,"4 BHK Flat for Sale in Trevoc Royal Residences, Sector 56 Gurgaon",Carpet Area1842 sqftUnder ConstructionPoss. by Feb '30TransactionNew PropertyFurnishingUnfurnishedSocietyTrevoc Royal ResidencesBathroom4Balcony2
,₹6.60 Cr ,"3 BHK Flat for Sale in Trevoc Royal Residences, Sector 56 Gurgaon",Carpet Area1385 sqftUnder ConstructionPoss. by Feb '30TransactionNew PropertyFurnishingUnfurnishedSocietyTrevoc Royal ResidencesBathroom3Balcony2
Trevoc Royal Residences,₹8.45 Cr ,"4 BHK Flat for Sale in Trevoc Royal Residences, Sector 56 Gurgaon",Carpet Area1842 sqftUnder ConstructionPoss. by Feb '30TransactionNew PropertyFurnishingUnfurnishedSocietyTrevoc Royal ResidencesBathroom4Balcony3
Trevoc Royal Residences,₹6.60 Cr ,"3 BHK Flat for Sale in Trevoc Royal Residences, Sector 56 Gurgaon",Carpet Area1385 sqftUnder ConstructionPoss. by Feb '30TransactionNew PropertyFurnishingUnfurnishedSocietyTrevoc Royal ResidencesBathroom3Balcony3
Trevoc Royal Residences,₹8.45 Cr ,"4 BHK Flat for Sale in Trevoc Royal Residences, Sector 56 Gurgaon",Carpet Area1842 sqftUnder ConstructionPoss. by Feb '30TransactionNew PropertyFurnishingUnfurnishedSocietyTrevoc Royal ResidencesBathroom4Balcony3
Trevoc Royal Residences,₹6.60 Cr ,"3 BHK Flat for Sale in Trevoc Royal Residences, Sector 56 Gurgaon",Carpet Area1385 sqftUnder ConstructionPoss. by Feb '30TransactionNew PropertyFurnishingUnfurnishedSocietyTrevoc Royal ResidencesBathroom3Balcony3
Trevoc Royal Residences,₹8.45 Cr ,"4 BHK Flat for Sale in Trevoc Royal Residences, Sector 56 Gurgaon",Carpet Area1842 sqftUnder ConstructionPoss. by Feb '30TransactionNew PropertyFurnishingUnfurnishedSocietyTrevoc Royal ResidencesBathroom4Balcony3
Trevoc Royal Residences,₹6.60 Cr ,"3 BHK Flat for Sale in Trevoc Royal Residences, Sector 56 Gurgaon",Carpet Area1385 sqftUnder ConstructionPoss. by Feb '30TransactionNew PropertyFurnishingUnfurnishedSocietyTrevoc Royal ResidencesBathroom3Balcony3
Trevoc Royal Residences,₹8.45 Cr ,"4 BHK Flat for Sale in Trevoc Royal Residences, Sector 56 Gurgaon",Carpet Area1842 sqftUnder ConstructionPoss. by Feb '30TransactionNew PropertyFurnishingUnfurnishedSocietyTrevoc Royal ResidencesBathroom4Balcony3
Trevoc Royal Residences,₹6.60 Cr ,"3 BHK Flat for Sale in Trevoc Royal Residences, Sector 56 Gurgaon",Carpet Area1385 sqftUnder ConstructionPoss. by Feb '30TransactionNew PropertyFurnishingUnfurnishedSocietyTrevoc Royal ResidencesBathroom3Balcony3
Trevoc Royal Residences,₹8.45 Cr ,"4 BHK Flat for Sale in Trevoc Royal Residences, Sector 56 Gurgaon",Carpet Area1842 sqftUnder ConstructionPoss. by Feb '30TransactionNew PropertyFurnishingUnfurnishedSocietyTrevoc Royal ResidencesBathroom4Balcony4
Trevoc Royal Residences,₹6.60 Cr ,"3 BHK Flat for Sale in Trevoc Royal Residences, Sector 56 Gurgaon",Carpet Area1385 sqftUnder ConstructionPoss. by Feb '30TransactionNew PropertyFurnishingUnfurnishedSocietyTrevoc Royal ResidencesBathroom3Balcony4
Technograd Society,₹2.35 Cr ,"3 BHK Flat for Sale in Technograd Society, Block B Sector 56 Gurgaon","Carpet Area1950 sqftStatusReady to MoveFloor5 out of 9TransactionResaleFurnishingSemi-FurnishedfacingNorth - EastoverlookingGarden/Park, Main RoadSocietyTechnograd SocietyOwnershipFreeholdCar Parking1 Covered,Bathroom3Balcony3"
Ansal Project Sushant Lok 2,₹3.10 Cr ,"4 BHK Builder Floor for Sale in Ansal Project Sushant Lok 2, Block E Sector 56 Gurgaon","Carpet Area2000 sqftStatusReady to MoveFloor2 out of 4TransactionNew PropertyFurnishingSemi-FurnishedfacingNorth - EastoverlookingGarden/Park, Pool, Main RoadSocietyAnsal Project Sushant Lok 2OwnershipFreeholdCar Parking2 Covered,Bathroom4Balcony2"
Ansal Project Sushant Lok 2,₹3.50 Cr ,"4 BHK Builder Floor for Sale in Ansal Project Sushant Lok 2, Sector 56 Gurgaon","Carpet Area2400 sqftStatusReady to MoveFloor1 out of 4TransactionNew PropertyFurnishingSemi-FurnishedfacingWestoverlookingPool, Garden/Park, Main RoadSocietyAnsal Project Sushant Lok 2OwnershipFreeholdCar Parking2 Covered,Bathroom4Balcony2"
,₹4.99 Cr ,4 BHK Builder Floor for Sale in Block B Sector 56 Gurgaon,"Carpet Area4500 sqftStatusReady to MoveFloor4 out of 4TransactionNew PropertyFurnishingFurnishedfacingEastoverlookingGarden/Park, Main RoadOwnershipFreeholdCar Parking4 Covered,Bathroom4Balcony4"
MNB Ananta Vilasa,₹6.80 Cr ,"4 BHK Flat for Sale in MNB Ananta Vilasa, Block B Sector 56 Gurgaon","Carpet Area2800 sqftUnder ConstructionPoss. by Dec '30Floor8 out of 15TransactionNew PropertyFurnishingSemi-FurnishedfacingEastoverlookingGarden/Park, Pool, Main RoadSocietyMNB Ananta VilasaOwnershipFreeholdCar Parking2 Covered,Bathroom4Balcony3"
,₹3.79 Cr ,4 BHK Builder Floor for Sale in Block E Sector 56 Gurgaon,Carpet Area2400 sqftStatusReady to MoveFloor1 out of 4TransactionNew PropertyFurnishingSemi-FurnishedfacingWestoverlookingMain RoadOwnershipFreeholdCar Parking2 CoveredBathroom4Balcony2
Luxury Floors,₹4.50 Cr ,"4 BHK Builder Floor for Sale in Luxury Floors, Block B Sector 56 Gurgaon","Carpet Area3200 sqftStatusReady to MoveFloor4 out of 4TransactionResaleFurnishingUnfurnishedfacingNorth - WestSocietyLuxury FloorsOwnershipFreeholdCar Parking2 Covered,Bathroom2Balcony4"
Ansal Project Sushant Lok 2,₹7.10 Cr ,"  Plot/Land for Sale in Ansal Project Sushant Lok 2, Sector 56 Gurgaon",Plot Area300 sqyrdDimensions (L X B)11 X 27.27OwnershipFreeholdTransactionResalefloors allowed for construction3Open Sides2Width of road facing the plot9 moverlookingMain RoadBoundaryNo
,₹2.95 Cr ,3 BHK Flat for Sale in Block E Sector 56 Gurgaon,"Carpet Area1700 sqftStatusReady to MoveTransactionResaleFurnishingUnfurnishedfacingNorthoverlookingGarden/Park, Main RoadOwnershipFreeholdCar Parking1 Covered,Bathroom4Balcony4"
Madhur Jivan Apartment,₹2.85 Cr ,"4 BHK Flat for Sale in Madhur Jivan Apartment, Sector 56 Gurgaon","Carpet Area2100 sqftStatusReady to MoveFloor8 out of 9TransactionResaleFurnishingUnfurnishedfacingNorth - EastoverlookingGarden/Park, Main RoadSocietyMadhur Jivan ApartmentOwnershipFreeholdBathroom3Balcony3"
Skyland Apartments,₹2.95 Cr ,"3 BHK Flat for Sale in Skyland Apartments, Sector 56 Gurgaon","Carpet Area2349 sqftStatusReady to MoveTransactionResaleFurnishingFurnishedfacingNorth - WestoverlookingGarden/ParkSocietySkyland ApartmentsOwnershipFreeholdCar Parking1 Covered,Bathroom3Balcony5"
Antriksh Royal Palm Apartments,₹1.50 Cr ,"2 BHK Flat for Sale in Antriksh Royal Palm Apartments, Sector 56 Gurgaon","Carpet Area900 sqftStatusReady to MoveFloor3 out of 10TransactionResaleFurnishingSemi-FurnishedfacingEastoverlookingGarden/Park, Main RoadSocietyAntriksh Royal Palm ApartmentsOwnershipFreeholdCar Parking1 CoveredBathroom2Balcony1"
Ansal Project Sushant Lok 2,₹12.51 Cr ,"  Plot/Land for Sale in Ansal Project Sushant Lok 2, Sector 56 Gurgaon",Plot Area502 sqyrdDimensions (L X B)18 X 27.89OwnershipFreeholdTransactionResalefloors allowed for construction4Open Sides1Width of road facing the plot12 mBoundaryNo
Park Royal Apartment,₹3.05 Cr ,"3 BHK Flat for Sale in Park Royal Apartment, Sector 56 Gurgaon","Carpet Area2000 sqftStatusReady to MoveFloor4 out of 9TransactionResaleFurnishingSemi-FurnishedfacingNorthoverlookingGarden/Park, Main RoadSocietyPark Royal ApartmentOwnershipFreeholdBathroom3Balcony4"
,₹2.45 Cr ,3 BHK Flat for Sale in Sector 56 Gurgaon,Carpet Area1650 sqftStatusReady to MoveFloor8 out of 9TransactionResaleFurnishingSemi-FurnishedfacingSouthoverlookingMain RoadOwnershipFreeholdCar Parking2 CoveredBathroom3Balcony3
,₹5.05 Cr ,3 BHK  House for Sale in Sector 56 Gurgaon,"Carpet Area1150 sqftStatusReady to MoveTransactionResaleFurnishingSemi-FurnishedfacingNorth - EastOwnershipFreeholdDimensions13.42 X 12 ft SqftCar Parking1 Covered,Bathroom3Balcony2"
,₹4.95 Cr ,3 BHK  House for Sale in Sector 56 Gurgaon,"Carpet Area1150 sqftStatusReady to MoveTransactionResaleFurnishingSemi-FurnishedfacingNorth - EastOwnershipFreeholdDimensions13.42 X 12 ft SqftCar Parking1 Covered,Bathroom3Balcony2"
,₹4.95 Cr ,4 BHK Builder Floor for Sale in Block B Sector 56 Gurgaon,"Carpet Area3350 sqftStatusReady to MoveFloor4 out of 4TransactionNew PropertyFurnishingSemi-FurnishedfacingNorthoverlookingGarden/Park, Pool, Main RoadOwnershipFreeholdCar Parking3 Covered,Bathroom5Balcony2"
,₹1.97 Cr ,"3 BHK Apartment for Sale in Signature Global Daxin Vistas, Sohna Gurgaon",Super Area1550 sqftUnder ConstructionPoss. by Jan '28TransactionNew PropertyFurnishingUnfurnishedSocietySignature Global Daxin VistasBathroom3Balcony3
,₹3.65 Cr ,"3 BHK Apartment for Sale in Conscient Elaira Residences Phase 1, Sector 80 Gurgaon",Carpet Area2695 sqftUnder ConstructionPoss. by Mar '31TransactionNew PropertyFurnishingUnfurnishedSocietyConscient Elaira Residences Phase 1Bathroom4Balcony4
,₹2.73 Cr ,"4 BHK Apartment for Sale in BPTP Terra, Sector 37D, Delhi Gurgaon Expressway Gurgaon",Carpet Area1146 sqftTransactionNew PropertyFurnishingUnfurnishedSocietyBPTP TerraBathroom4Balcony3
,₹2.85 Cr ,"3 BHK Apartment for Sale in Sector 37D, Delhi Gurgaon Expressway Gurgaon",Carpet Area1000 sqftUnder ConstructionPoss. by Dec '32Floor9 out of 20TransactionNew PropertyFurnishingUnfurnishedBathroom3Balcony2
,₹3.74 Cr ,"4 BHK Apartment for Sale in Central Park Aqua Front Towers, Sector 32 Sohna Gurgaon",Super Area2600 sqftTransactionNew PropertyFurnishingUnfurnishedSocietyCentral Park Aqua Front TowersBathroom4Balcony4
,₹5.78 Cr ,"3 BHK Apartment for Sale in Krisumi Waterfall Residency Phase III, Sector 36A Gurgaon",Super Area2700 sqftUnder ConstructionPoss. by Jan '31TransactionNew PropertyFurnishingUnfurnishedSocietyKrisumi Waterfall Residency Phase IIIBathroom4Balcony3
Conscient Elevate,₹8.13 Cr ,"4 BHK Apartment for Sale in Conscient Elevate, Sector 59 Gurgaon",Carpet Area1855 sqftTransactionNew PropertyFurnishingUnfurnishedSocietyConscient ElevateBathroom5Balcony3
Adani Samsara Avasa,₹4.25 Cr ,"4 BHK Builder Floor for Sale in Adani Samsara Avasa, Sector 63 Gurgaon",Super Area310 sqyrdTransactionNew PropertyFurnishingUnfurnishedSocietyAdani Samsara AvasaCar Parking1 OpenBathroom4Balcony3
,₹1.98 Cr ,3 BHK Apartment for Sale in Sector 102 Gurgaon,Carpet Area1000 sqftStatusReady to MoveFloor10 out of 20TransactionNew PropertyFurnishingUnfurnishedBathroom3Balcony3
Gurgaon Luxury Floors,₹3.50 Cr ,"4 BHK Builder Floor for Sale in Gurgaon Luxury Floors, Golf Course Extension Road Gurgaon",Super Area2800 sqftTransactionNew PropertyFurnishingUnfurnishedSocietyGurgaon Luxury FloorsCar Parking1 OpenBathroom4Balcony2
DLF The Arbour,₹10.01 Cr ,"4 BHK Apartment for Sale in DLF The Arbour, Sector 63 Gurgaon",Super Area3956 sqftUnder ConstructionPoss. by Mar '27TransactionNew PropertyFurnishingUnfurnishedSocietyDLF The ArbourBathroom5Balcony4
Indiabulls Centrum Park,₹3.01 Cr ,"4 BHK Apartment for Sale in Indiabulls Centrum Park, Sector 103 Gurgaon",Super Area2875 sqftTransactionNew PropertyFurnishingUnfurnishedSocietyIndiabulls Centrum ParkBathroom4Balcony4
Elan Imperial,₹3.80 Cr ,"  Shop for Sale in Elan Imperial, Sector 82 Gurgaon",Super Area1200 sqftUnder ConstructionPoss. by Jun '29TransactionNew PropertyBathroom3
Max Estate 360,₹7.05 Cr ,"4 BHK Apartment for Sale in Max Estate 360, Sector 36A Gurgaon",Carpet Area1899 sqftUnder ConstructionPoss. by Aug '30TransactionNew PropertyFurnishingUnfurnishedSocietyMax Estate 360Bathroom4Balcony4
Signature Global City 92,₹1.10 Cr ,"2 BHK Builder Floor for Sale in Signature Global City 92, Sector 92 Gurgaon",Super Area1050 sqftTransactionNew PropertyFurnishingUnfurnishedSocietySignature Global City 92Car Parking1 OpenBathroom2Balcony2
Smartworld One DXP,₹4.45 Cr ,"3 BHK Apartment for Sale in Smartworld One DXP, Sector 113 Gurgaon",Super Area2585 sqftUnder ConstructionPoss. by Dec '27TransactionNew PropertyFurnishingUnfurnishedSocietySmartworld One DXPBathroom3Balcony3
Signature Global Sarvam at DXP Estate,₹2.85 Cr ,"3 BHK Apartment for Sale in Signature Global Sarvam at DXP Estate, Sector 37D, Delhi Gurgaon Expressway Gurgaon",Super Area1840 sqftUnder ConstructionPoss. by Dec '32TransactionNew PropertyFurnishingUnfurnishedSocietySignature Global Sarvam at DXP EstateBathroom3Balcony2
Signature The Roselia,₹60 Lac ,"2 BHK Apartment for Sale in Signature The Roselia, Sector 95A, Pataudi Road Gurgaon",Carpet Area569 sqftTransactionNew PropertyFurnishingUnfurnishedSocietySignature The RoseliaBathroom2Balcony2
,₹2.25 Cr ,3 BHK Apartment for Sale in Sector 109 Gurgaon,Carpet Area967 sqftStatusReady to MoveFloor6 out of 20TransactionNew PropertyFurnishingUnfurnishedBathroom3Balcony4
SRS Luxury Floors,₹6.25 Cr ,"5 BHK Builder Floor for Sale in SRS Luxury Floors, Malibu Town, Sector 47 Gurgaon",Super Area5200 sqftTransactionNew PropertyFurnishingUnfurnishedSocietySRS Luxury FloorsCar Parking1 OpenBathroom5Balcony5
Signature Global Cloverdale SPR,₹5.14 Cr ,"3 BHK Apartment for Sale in Signature Global Cloverdale SPR, Sector 71 Gurgaon",Super Area2780 sqftUnder ConstructionPoss. by May '31TransactionNew PropertyFurnishingUnfurnishedSocietySignature Global Cloverdale SPRBathroom3Balcony2
Central Park Flamingo Floors,₹2.45 Cr ,"3 BHK Builder Floor for Sale in Central Park Flamingo Floors, Sector 32 Sohna Gurgaon",Super Area2559 sqftTransactionNew PropertyFurnishingUnfurnishedSocietyCentral Park Flamingo FloorsCar Parking1 OpenBathroom3Balcony3
TARC Ishva,₹10.31 Cr ,"4 BHK Apartment for Sale in TARC Ishva, Sector 63A Gurgaon",Carpet Area2157 sqftUnder ConstructionPoss. by Dec '31TransactionNew PropertyFurnishingUnfurnishedSocietyTARC IshvaBathroom4Balcony4
DLF Regal Gardens,₹2.74 Cr ,"3 BHK Apartment for Sale in DLF Regal Gardens, Sector 90 Gurgaon",Super Area2251 sqftTransactionNew PropertyFurnishingUnfurnishedSocietyDLF Regal GardensBathroom2Balcony2
Signature Global Daxin Vistas,₹1.97 Cr ,"3 BHK Apartment for Sale in Signature Global Daxin Vistas, Sohna Gurgaon",Super Area1550 sqftUnder ConstructionPoss. by Jan '28TransactionNew PropertyFurnishingUnfurnishedSocietySignature Global Daxin VistasBathroom3Balcony3
DLF The Arbour,₹10.01 Cr ,"4 BHK Apartment for Sale in DLF The Arbour, Sector 63 Gurgaon",Super Area3956 sqftUnder ConstructionPoss. by Mar '27TransactionNew PropertyFurnishingUnfurnishedSocietyDLF The ArbourBathroom5Balcony4
M3M Capital,₹2.75 Cr ,"3 BHK Apartment for Sale in M3M Capital, Sector 113 Gurgaon",Super Area1695 sqftUnder ConstructionPoss. by Dec '26TransactionNew PropertyFurnishingUnfurnishedSocietyM3M CapitalBathroom3Balcony3
Ireo The Corridors,₹2.20 Cr ,"2 BHK Apartment for Sale in Ireo The Corridors, Sector 67A Gurgaon",Super Area1296 sqftTransactionNew PropertyFurnishingUnfurnishedSocietyIreo The CorridorsBathroom2Balcony2
DLF Garden City The Primus,₹4.32 Cr ,"4 BHK Apartment for Sale in DLF Garden City The Primus, Sector 82A Gurgaon",Super Area2695 sqftTransactionNew PropertyFurnishingUnfurnishedSocietyDLF Garden City The PrimusBathroom4Balcony4
DLF Camellias,₹73.41 Cr ,"4 BHK Apartment for Sale in DLF Camellias, Golf Course Road Gurgaon",Super Area7196 sqftTransactionNew PropertyFurnishingUnfurnishedSocietyDLF CamelliasBathroom4Balcony4
Alpha Gurgaon One,₹1.40 Cr ,"2 BHK Apartment for Sale in Alpha Gurgaon One, Sector 84 Gurgaon","Super Area1181 sqftStatusReady to MoveFloor18 out of 25TransactionResaleFurnishingUnfurnishedfacingNorth - EastoverlookingGarden/Park, Pool, Main RoadSocietyAlpha Gurgaon OneOwnershipFreeholdCar Parking1 CoveredBathroom2Balcony2"
Alpha Gurgaon One,₹1.38 Cr ,"2 BHK Apartment for Sale in Alpha Gurgaon One, Sihi Village Sector 84 Gurgaon",Carpet Area1010 sqftStatusReady to MoveFloor15 out of 27TransactionResaleFurnishingSemi-FurnishedfacingEastoverlookingGarden/ParkSocietyAlpha Gurgaon OneOwnershipFreeholdCar Parking1 CoveredBathroom2Balcony2
Alpha Gurgaon One,₹1.52 Cr ,"2 BHK Apartment for Sale in Alpha Gurgaon One, Sector 84 Gurgaon",Super Area1270 sqftStatusReady to MoveFloor15 out of 27TransactionResaleFurnishingSemi-FurnishedfacingWestSocietyAlpha Gurgaon OneBathroom2Balcony2
Alpha Corp Gurgaon One ,₹5.56 Cr ,"2 BHK  House for Sale in Alpha Corp Gurgaon One , Guraora Gurgaon",Super Area900 sqftStatusReady to MoveTransactionResaleFurnishingFurnishedSocietyAlpha Corp Gurgaon OneBathroom2Balcony1
Alpha Gurgaon One,₹2.40 Cr ,"3 BHK Apartment for Sale in Alpha Gurgaon One, Kherki Daula, Sector 84 Gurgaon",Super Area1826 sqftStatusReady to MoveFloor3 out of 24TransactionResaleFurnishingSemi-FurnishedfacingSouthoverlookingGarden/ParkSocietyAlpha Gurgaon OneOwnershipFreeholdCar Parking1 CoveredBathroom4Balcony3
Alpha Corp Gurgaon One ,₹5.50 Cr ,"3 BHK Apartment for Sale in Alpha Corp Gurgaon One , Mullahera Gurgaon",Carpet Area2200 sqftStatusReady to MoveFloor3 out of 3TransactionNew PropertyFurnishingFurnishedSocietyAlpha Corp Gurgaon OneBathroom3Balcony3
Alpha Gurgaon One,₹1.80 Cr ,"2 BHK Apartment for Sale in Alpha Gurgaon One, Sector 84 Gurgaon","Super Area1270 sqftStatusReady to MoveFloor15 out of 24TransactionResaleFurnishingSemi-FurnishedoverlookingPool, Garden/Park, Main RoadSocietyAlpha Gurgaon OneOwnershipFreeholdBathroom2Balcony2"
Alpha Corp Gurgaon One ,₹13.50 Cr ,"4 BHK Villa for Sale in Alpha Corp Gurgaon One , Mullahera Gurgaon","Carpet Area4762 sqftStatusReady to MoveTransactionResaleFurnishingUnfurnishedfacingEastoverlookingGarden/Park, Pool, Main RoadOwnershipFreeholdSocietyAlpha Corp Gurgaon OneCar Parking3 Covered,Bathroom5Balcony4"
,₹2.28 Cr ,"3 BHK Flat for Sale in SS The Coralwood, Sector 84 Gurgaon",Super Area2250 sqftTransactionNew PropertyFurnishingUnfurnishedSocietySS The CoralwoodBathroom3Balcony3
,₹1.92 Cr ,"3 BHK Flat for Sale in SS The Coralwood, Sector 84 Gurgaon",Super Area1890 sqftTransactionNew PropertyFurnishingUnfurnishedSocietySS The CoralwoodBathroom3Balcony3
,₹1.78 Cr ,"3 BHK Flat for Sale in SS The Coralwood, Sector 84 Gurgaon",Super Area1750 sqftTransactionNew PropertyFurnishingUnfurnishedSocietySS The CoralwoodBathroom3Balcony3
,₹1.44 Cr ,"2 BHK Flat for Sale in SS The Coralwood, Sector 84 Gurgaon",Super Area1425 sqftTransactionNew PropertyFurnishingUnfurnishedSocietySS The CoralwoodBathroom2Balcony2
Elan Miracle,₹3.75 Cr ,"  Shop for Sale in Elan Miracle, Sector 84 Gurgaon",Super Area1500 sqftTransactionNew PropertyBathroom2
Elan Miracle,₹1.15 Cr ,"  Shop for Sale in Elan Miracle, Sector 84 Gurgaon",Super Area400 sqftTransactionNew PropertyBathroom2
Elan Miracle,₹1.05 Cr ,"  Shop for Sale in Elan Miracle, Sector 84 Gurgaon",Super Area350 sqftTransactionNew PropertyBathroom2
Elan Miracle,₹1.40 Cr ,"  Shop for Sale in Elan Miracle, Sector 84 Gurgaon",Super Area500 sqftTransactionNew PropertyBathroom2
SS Linden Floors,₹3.40 Cr ,"4 BHK Builder Floor for Sale in SS Linden Floors, Sector 84 Gurgaon",Super Area3761 sqftTransactionNew PropertyFurnishingUnfurnishedSocietySS Linden FloorsCar Parking1 OpenBathroom4Balcony4
SS Linden Floors,₹3.85 Cr ,"4 BHK Builder Floor for Sale in SS Linden Floors, Sector 84 Gurgaon",Super Area4392 sqftTransactionNew PropertyFurnishingUnfurnishedSocietySS Linden FloorsCar Parking1 OpenBathroom4Balcony4
SS Linden Floors,₹3.60 Cr ,"5 BHK Builder Floor for Sale in SS Linden Floors, Sector 84 Gurgaon",Super Area3240 sqftTransactionNew PropertyFurnishingUnfurnishedSocietySS Linden FloorsCar Parking1 OpenBathroom5Balcony5
SS Linden Floors,₹2.65 Cr ,"4 BHK Builder Floor for Sale in SS Linden Floors, Sector 84 Gurgaon",Super Area2637 sqftTransactionNew PropertyFurnishingUnfurnishedSocietySS Linden FloorsCar Parking1 OpenBathroom4Balcony4
SS Linden Floors,₹2.60 Cr ,"4 BHK Builder Floor for Sale in SS Linden Floors, Sector 84 Gurgaon",Super Area2682 sqftTransactionNew PropertyFurnishingUnfurnishedSocietySS Linden FloorsCar Parking1 OpenBathroom4Balcony4
SS Linden Floors,₹3.75 Cr ,"4 BHK Builder Floor for Sale in SS Linden Floors, Sector 84 Gurgaon",Super Area4140 sqftTransactionNew PropertyFurnishingUnfurnishedSocietySS Linden FloorsCar Parking1 OpenBathroom4Balcony4
Elan Miracle,₹3.75 Cr ,"  Shop for Sale in Elan Miracle, Sector 84 Gurgaon",Super Area1500 sqftTransactionNew Property
SS Linden Floors,₹3.40 Cr ,"4 BHK Builder Floor for Sale in SS Linden Floors, Sector 84 Gurgaon",Super Area3761 sqftTransactionNew PropertyFurnishingUnfurnishedSocietySS Linden FloorsCar Parking1 OpenBathroom4Balcony4
SS Linden Floors,₹3.85 Cr ,"4 BHK Builder Floor for Sale in SS Linden Floors, Sector 84 Gurgaon",Super Area4392 sqftTransactionNew PropertyFurnishingUnfurnishedSocietySS Linden FloorsCar Parking1 OpenBathroom5Balcony5
SS Linden Floors,₹3.75 Cr ,"4 BHK Builder Floor for Sale in SS Linden Floors, Sector 84 Gurgaon",Super Area4140 sqftTransactionNew PropertyFurnishingUnfurnishedSocietySS Linden FloorsCar Parking1 OpenBathroom4Balcony4
SS Linden Floors,₹3.60 Cr ,"5 BHK Builder Floor for Sale in SS Linden Floors, Sector 84 Gurgaon",Super Area3240 sqftTransactionNew PropertyFurnishingUnfurnishedSocietySS Linden FloorsCar Parking1 OpenBathroom5Balcony5
SS Linden Floors,₹2.65 Cr ,"4 BHK Builder Floor for Sale in SS Linden Floors, Sector 84 Gurgaon",Super Area2637 sqftTransactionNew PropertyFurnishingUnfurnishedSocietySS Linden FloorsCar Parking1 OpenBathroom4Balcony4
SS Linden Floors,₹2.60 Cr ,"4 BHK Builder Floor for Sale in SS Linden Floors, Sector 84 Gurgaon",Super Area2682 sqftTransactionNew PropertyFurnishingUnfurnishedSocietySS Linden FloorsCar Parking1 OpenBathroom4Balcony4
SS Linden Floors,₹3.40 Cr ,"4 BHK Builder Floor for Sale in SS Linden Floors, Sector 84 Gurgaon",Super Area3761 sqftTransactionNew PropertyFurnishingUnfurnishedSocietySS Linden FloorsCar Parking1 OpenBathroom4Balcony4
Elan Miracle,₹3.75 Cr ,"  Shop for Sale in Elan Miracle, Sector 84 Gurgaon",Super Area1500 sqftTransactionNew PropertyBathroom3
Elan Miracle,₹1.15 Cr ,"  Shop for Sale in Elan Miracle, Sector 84 Gurgaon",Super Area400 sqftTransactionNew PropertyBathroom1
Elan Miracle,₹1.05 Cr ,"  Shop for Sale in Elan Miracle, Sector 84 Gurgaon",Super Area350 sqftTransactionNew PropertyBathroom1
Elan Miracle,₹1.40 Cr ,"  Shop for Sale in Elan Miracle, Sector 84 Gurgaon",Super Area500 sqftTransactionNew PropertyBathroom1
Lamose Gratitude 84,₹2.32 Cr ,"3 BHK Flat for Sale in Lamose Gratitude 84, Sector 84 Gurgaon",Super Area1635 sqftUnder ConstructionPoss. by Apr '32TransactionNew PropertyFurnishingUnfurnishedSocietyLamose Gratitude 84Bathroom4Balcony3
Lamose Gratitude 84,₹2.32 Cr ,"3 BHK Flat for Sale in Lamose Gratitude 84, Sector 84 Gurgaon",Super Area1635 sqftUnder ConstructionPoss. by Apr '32TransactionNew PropertyFurnishingUnfurnishedSocietyLamose Gratitude 84Bathroom3Balcony3
Lamose Gratitude 84,₹2.32 Cr ,"3 BHK Flat for Sale in Lamose Gratitude 84, Sector 84 Gurgaon",Super Area1635 sqftUnder ConstructionPoss. by Apr '32TransactionNew PropertyFurnishingUnfurnishedSocietyLamose Gratitude 84Bathroom4Balcony3
SS Linden Floors,₹3.40 Cr ,"4 BHK Builder Floor for Sale in SS Linden Floors, Sector 84 Gurgaon",Super Area3761 sqftTransactionNew PropertyFurnishingUnfurnishedSocietySS Linden FloorsCar Parking1 OpenBathroom4Balcony4
F Residences Merlin,₹1.76 Cr ,"4 BHK Apartment for Sale in F Residences Merlin, Rajarhat Kolkata",Carpet Area1340 sqftUnder ConstructionPoss. by Jun '30TransactionNew PropertyFurnishingUnfurnishedSocietyF Residences MerlinBathroom3Balcony1
F Residences Merlin,₹1.76 Cr ,"4 BHK Apartment for Sale in F Residences Merlin, Rajarhat Kolkata",Carpet Area1340 sqftUnder ConstructionPoss. by Jun '30TransactionNew PropertyFurnishingUnfurnishedSocietyF Residences MerlinBathroom3Balcony2
SRIPSK Palladina,₹4.69 Cr ,"4 BHK Apartment for Sale in SRIPSK Palladina, Eastern Metropolitan Bypass Kolkata",Super Area3350 sqftUnder ConstructionPoss. by Dec '29TransactionNew PropertyFurnishingUnfurnishedSocietySRIPSK PalladinaBathroom4Balcony1
Shriram Grand City,₹47.4 Lac ,"3 BHK Apartment for Sale in Shriram Grand City, Uttarpara Chinsurah Kolkata",Super Area1121 sqftTransactionNew PropertyFurnishingUnfurnishedSocietyShriram Grand CityBathroom2Balcony1
Siddha Suburbia,₹44.9 Lac ,"2 BHK Apartment for Sale in Siddha Suburbia, Southern Bypass Kolkata",Super Area920 sqftStatusReady to MoveTransactionNew PropertyFurnishingUnfurnishedSocietySiddha SuburbiaBathroom2Balcony1
Bengal RBM The Preserve,₹72 Lac ,"2 BHK Apartment for Sale in Bengal RBM The Preserve, Rajarhat Kolkata",Carpet Area548 sqftUnder ConstructionPoss. by Mar '28TransactionNew PropertyFurnishingUnfurnishedSocietyBengal RBM The PreserveBathroom2Balcony1
SKDJ Nidhara,₹4.08 Cr ,"5 BHK Apartment for Sale in SKDJ Nidhara, New Alipore Kolkata",Super Area3627 sqftUnder ConstructionPoss. by Jun '31TransactionNew PropertyFurnishingUnfurnishedSocietySKDJ NidharaBathroom4Balcony1
Siddha Serena,₹1.01 Cr ,"3 BHK Apartment for Sale in Siddha Serena, Rajarhat Kolkata",Super Area1030 sqftUnder ConstructionPoss. by Dec '30TransactionNew PropertyFurnishingUnfurnishedSocietySiddha SerenaBathroom3Balcony1
Anandvann,₹88.6 Lac ,"2 BHK Apartment for Sale in Anandvann, Chitpur Kolkata",Carpet Area582 sqftUnder ConstructionPoss. by May '31TransactionNew PropertyFurnishingUnfurnishedSocietyAnandvannBathroom2Balcony1
Merlin Serenia,₹1.28 Cr ,"4 BHK Apartment for Sale in Merlin Serenia, Baranagar Kolkata",Carpet Area1407 sqftUnder ConstructionPoss. by Dec '28TransactionNew PropertyFurnishingUnfurnishedSocietyMerlin SereniaBathroom2Balcony1
Morya Phase 2,₹2.90 Cr ,"4 BHK Apartment for Sale in Morya Phase 2, Tollygunge Kolkata",Carpet Area1688 sqftUnder ConstructionPoss. by Dec '27TransactionNew PropertyFurnishingUnfurnishedSocietyMorya Phase 2Bathroom5Balcony4
DTC Still Waters,₹1.48 Cr ,"4 BHK Apartment for Sale in DTC Still Waters, New Town Kolkata",Super Area2030 sqftUnder ConstructionPoss. by Dec '31TransactionNew PropertyFurnishingUnfurnishedSocietyDTC Still WatersBathroom4Balcony2
Srijan Eternia,₹72.4 Lac ,"3 BHK Apartment for Sale in Srijan Eternia, Madhyamgram Kolkata",Carpet Area821 sqftUnder ConstructionPoss. by Jun '29TransactionNew PropertyFurnishingUnfurnishedSocietySrijan EterniaBathroom3Balcony2
DTC Downtown Phase 1,₹96 Lac ,"3 BHK Apartment for Sale in DTC Downtown Phase 1, Rajarhat Kolkata",Carpet Area914 sqftUnder ConstructionPoss. by Dec '32TransactionNew PropertyFurnishingUnfurnishedSocietyDTC Downtown Phase 1Bathroom3Balcony2
Oiendrila Moni Sunrise,₹54.4 Lac ,"3 BHK Apartment for Sale in Oiendrila Moni Sunrise, Nayabad Kolkata",Super Area1108 sqftTransactionNew PropertyFurnishingUnfurnishedSocietyOiendrila Moni SunriseBathroom2Balcony1
F Residences Merlin,₹1.76 Cr ,"4 BHK Apartment for Sale in F Residences Merlin, Rajarhat Kolkata",Carpet Area1340 sqftUnder ConstructionPoss. by Jun '30TransactionNew PropertyFurnishingUnfurnishedSocietyF Residences MerlinBathroom3Balcony2
Eden Willow Estate,₹44.4 Lac ,"3 BHK Apartment for Sale in Eden Willow Estate, Sonarpur Kolkata",Carpet Area662 sqftStatusReady to MoveTransactionNew PropertyFurnishingUnfurnishedSocietyEden Willow EstateBathroom2Balcony1
Anantmani,₹4.48 Cr ,"4 BHK Apartment for Sale in Anantmani, Manicktala Kolkata",Super Area3181 sqftTransactionNew PropertyFurnishingUnfurnishedSocietyAnantmaniBathroom4Balcony2
Navyug Magnolia,₹4.33 Cr ,"3 BHK Apartment for Sale in Navyug Magnolia, Gariahat Kolkata",Super Area3008 sqftTransactionNew PropertyFurnishingUnfurnishedSocietyNavyug MagnoliaBathroom3Balcony1
Pravya,₹1.77 Cr ,"4 BHK Apartment for Sale in Pravya, Rajarhat Kolkata",Super Area2143 sqftUnder ConstructionPoss. by Sep '30TransactionNew PropertyFurnishingUnfurnishedSocietyPravyaBathroom3Balcony2
DTC Sojon,₹52.2 Lac ,"2 BHK Apartment for Sale in DTC Sojon, Joka Kolkata",Super Area960 sqftUnder ConstructionPoss. by Dec '27TransactionNew PropertyFurnishingUnfurnishedSocietyDTC SojonBathroom2Balcony1
Srijan Optima,₹61.2 Lac ,"2 BHK Apartment for Sale in Srijan Optima, Rajarhat Kolkata",Super Area922 sqftUnder ConstructionPoss. by Dec '34TransactionNew PropertyFurnishingUnfurnishedSocietySrijan OptimaBathroom2Balcony2
Merlin Rise Sports Republic Phase 1 A,₹94.2 Lac ,"2 BHK Apartment for Sale in Merlin Rise Sports Republic Phase 1 A, Rajarhat Kolkata",Super Area970 sqftUnder ConstructionPoss. by Dec '27TransactionNew PropertyFurnishingUnfurnishedSocietyMerlin Rise Sports Republic Phase 1 ABathroom2Balcony1
Sugam Urban Lakes Phase II,₹80 Lac ,"4 BHK Apartment for Sale in Sugam Urban Lakes Phase II, Konnagar Kolkata",Super Area1579 sqftTransactionNew PropertyFurnishingUnfurnishedSocietySugam Urban Lakes Phase IIBathroom3Balcony1
Godrej Elevate at Godrej Seven,₹88.8 Lac ,"3 BHK Apartment for Sale in Godrej Elevate at Godrej Seven, Joka Kolkata",Carpet Area888 sqftUnder ConstructionPoss. by Dec '28TransactionNew PropertyFurnishingUnfurnishedSocietyGodrej Elevate at Godrej SevenBathroom3Balcony1
,₹69.3 Lac ,"3 BHK Apartment for Sale in Fortune Heights Barasat, Barasat Kolkata",Super Area1284 sqftStatusReady to MoveTransactionNew PropertyFurnishingUnfurnishedSocietyFortune Heights BarasatBathroom3
,₹1.10 Cr ,"4 BHK Apartment for Sale in Premier Co Operative Housing Society Ltd, Action Area 3 Kolkata",Super Area1650 sqftUnder ConstructionPoss. by Dec '29TransactionNew PropertyFurnishingUnfurnishedSocietyPremier Co Operative Housing Society LtdCar Parking1 CoveredBathroom3
,₹1.89 Cr ,"4 BHK Apartment for Sale in Silver Ikon, Jessore Road Kolkata",Carpet Area1215 sqftUnder ConstructionPoss. by Jun '27TransactionNew PropertyFurnishingUnfurnishedSocietySilver IkonCar Parking1 CoveredBathroom3
,₹56.7 Lac ,"3 BHK Apartment for Sale in Adross Radharani Housing Complex, Madhyamgram Kolkata",Super Area1261 sqftStatusReady to MoveTransactionNew PropertyFurnishingUnfurnishedSocietyAdross Radharani Housing ComplexCar Parking1 CoveredBathroom3
,₹71.7 Lac ,"3 BHK Apartment for Sale in Sanctum Harmony, Narendrapur Rajpur Sonarpur Kolkata",Super Area1268 sqftUnder ConstructionPoss. by Jul '26TransactionNew PropertyFurnishingUnfurnishedSocietySanctum HarmonyCar Parking1 CoveredBathroom2
Godrej Blue,₹3.75 Cr ,"4 BHK Apartment for Sale in Godrej Blue, New Alipore Kolkata South",Super Area2514 sqftUnder ConstructionPoss. by Sep '29TransactionNew PropertyFurnishingUnfurnishedSocietyGodrej BlueBathroom3Balcony1
SRIPSK Palladina,₹4.69 Cr ,"4 BHK Apartment for Sale in SRIPSK Palladina, Eastern Metropolitan Bypass Kolkata South",Super Area3350 sqftUnder ConstructionPoss. by Dec '29TransactionNew PropertyFurnishingUnfurnishedSocietySRIPSK PalladinaBathroom4Balcony1
Siddha Suburbia,₹44.9 Lac ,"2 BHK Apartment for Sale in Siddha Suburbia, Southern Bypass Kolkata South",Super Area920 sqftStatusReady to MoveTransactionNew PropertyFurnishingUnfurnishedSocietySiddha SuburbiaBathroom2Balcony1
SKDJ Nidhara,₹2.46 Cr ,"3 BHK Apartment for Sale in SKDJ Nidhara, New Alipore Kolkata South",Super Area2189 sqftUnder ConstructionPoss. by Jun '31TransactionNew PropertyFurnishingUnfurnishedSocietySKDJ NidharaBathroom3Balcony1
SKDJ Nidhara,₹4.08 Cr ,"5 BHK Apartment for Sale in SKDJ Nidhara, New Alipore Kolkata South",Super Area3627 sqftUnder ConstructionPoss. by Jun '31TransactionNew PropertyFurnishingUnfurnishedSocietySKDJ NidharaBathroom4Balcony1
Merlin Avana,₹97.2 Lac ,"3 BHK Apartment for Sale in Merlin Avana, Tollygunge Kolkata South",Super Area1028 sqftUnder ConstructionPoss. by Dec '27TransactionNew PropertyFurnishingUnfurnishedSocietyMerlin AvanaBathroom2Balcony1
Morya Phase 2,₹2.90 Cr ,"4 BHK Apartment for Sale in Morya Phase 2, Tollygunge Kolkata South",Carpet Area1688 sqftUnder ConstructionPoss. by Dec '27TransactionNew PropertyFurnishingUnfurnishedSocietyMorya Phase 2Bathroom5Balcony4
Ruchi Angelica Towers at Active Acres,₹1.40 Cr ,"4 BHK Apartment for Sale in Ruchi Angelica Towers at Active Acres, Eastern Metropolitan Bypass Kolkata South",Super Area1604 sqftStatusReady to MoveTransactionNew PropertyFurnishingUnfurnishedSocietyRuchi Angelica Towers at Active AcresBathroom4Balcony2
Khaitan Prudent Gokulam,₹63.6 Lac ,"3 BHK Apartment for Sale in Khaitan Prudent Gokulam, Rajpur Sonarpur Kolkata South",Carpet Area848 sqftUnder ConstructionPoss. by Jun '30TransactionNew PropertyFurnishingUnfurnishedSocietyKhaitan Prudent GokulamBathroom3Balcony1
Oiendrila Moni Sunrise,₹54.4 Lac ,"3 BHK Apartment for Sale in Oiendrila Moni Sunrise, Nayabad Kolkata South",Super Area1108 sqftTransactionNew PropertyFurnishingUnfurnishedSocietyOiendrila Moni SunriseBathroom2Balcony1
Godrej Elevate at Godrej Seven,₹88.8 Lac ,"3 BHK Apartment for Sale in Godrej Elevate at Godrej Seven, Joka Kolkata South",Carpet Area888 sqftUnder ConstructionPoss. by Dec '28TransactionNew PropertyFurnishingUnfurnishedSocietyGodrej Elevate at Godrej SevenBathroom2Balcony1
Eden Willow Estate,₹44.4 Lac ,"3 BHK Apartment for Sale in Eden Willow Estate, Sonarpur Kolkata South",Carpet Area662 sqftStatusReady to MoveTransactionNew PropertyFurnishingUnfurnishedSocietyEden Willow EstateBathroom2Balcony1
SRIPSK Palladina,₹6.95 Cr ,"4 BHK Apartment for Sale in SRIPSK Palladina, Eastern Metropolitan Bypass Kolkata South",Super Area4965 sqftTransactionNew PropertyFurnishingUnfurnishedSocietySRIPSK PalladinaBathroom4Balcony1
Navyug Magnolia,₹4.33 Cr ,"3 BHK Apartment for Sale in Navyug Magnolia, Gariahat Kolkata South",Super Area3008 sqftTransactionNew PropertyFurnishingUnfurnishedSocietyNavyug MagnoliaBathroom3Balcony1
DTC Sojon,₹52.2 Lac ,"2 BHK Apartment for Sale in DTC Sojon, Joka Kolkata South",Super Area960 sqftUnder ConstructionPoss. by Dec '27TransactionNew PropertyFurnishingUnfurnishedSocietyDTC SojonBathroom2Balcony1
Godrej Elevate at Godrej Seven,₹88.8 Lac ,"3 BHK Apartment for Sale in Godrej Elevate at Godrej Seven, Joka Kolkata South",Carpet Area888 sqftUnder ConstructionPoss. by Dec '28TransactionNew PropertyFurnishingUnfurnishedSocietyGodrej Elevate at Godrej SevenBathroom3Balcony1
Godrej Elevate at Godrej Seven,₹88.8 Lac ,"3 BHK Apartment for Sale in Godrej Elevate at Godrej Seven, Joka Kolkata South",Carpet Area888 sqftUnder ConstructionPoss. by Dec '28TransactionNew PropertyFurnishingUnfurnishedSocietyGodrej Elevate at Godrej SevenBathroom3Balcony2
,₹71.7 Lac ,"3 BHK Apartment for Sale in Sanctum Harmony, Narendrapur Rajpur Sonarpur Kolkata South",Super Area1268 sqftUnder ConstructionPoss. by Jul '26TransactionNew PropertyFurnishingUnfurnishedSocietySanctum HarmonyCar Parking1 CoveredBathroom2
South City,₹2.75 Cr ,"3 BHK Apartment for Sale in South City, Prince Anwar Shah Road Kolkata South","Carpet Area1239 sqftStatusReady to MoveFloor25 out of 35TransactionResaleFurnishingSemi-FurnishedfacingNorth - WestoverlookingGarden/Park, Pool, Main RoadSocietySouth CityOwnershipFreeholdCar Parking1 CoveredBathroom3Balcony1"
Upohar The Condoville,₹1.60 Cr ,"3 BHK Apartment for Sale in Upohar The Condoville, Eastern Metropolitan Bypass Kolkata South",Super Area1843 sqftStatusReady to MoveFloor2 out of 19TransactionResaleFurnishingSemi-FurnishedSocietyUpohar The CondovilleBathroom2Balcony2
Hiland Park,₹1 Cr ,"3 BHK Apartment for Sale in Hiland Park, Eastern Metropolitan Bypass Kolkata South","Super Area1264 sqftStatusReady to MoveFloor5 out of 23TransactionResaleFurnishingFurnishedfacingNorth - EastoverlookingPool, Garden/Park, Main RoadSocietyHiland ParkOwnershipFreeholdCar Parking1 CoveredBathroom2Balcony1"
South City,₹4 Cr ,"3 BHK Apartment for Sale in South City, Prince Anwar Shah Road Kolkata South","Super Area1954 sqftStatusReady to MoveFloor20 out of 35TransactionResaleFurnishingSemi-FurnishedfacingSouth -WestoverlookingPool, Garden/ParkSocietySouth CityOwnershipFreeholdBathroom3Balcony2"
Sugam Park,₹65 Lac ,"3 BHK Apartment for Sale in Sugam Park, Narendrapur Rajpur Sonarpur Kolkata South",Super Area1470 sqftStatusReady to MoveFloorGround out of 4TransactionResaleFurnishingUnfurnishedfacingWestoverlookingGarden/ParkSocietySugam ParkOwnershipFreeholdBathroom3Balcony1
Mani Megh Mani,₹3.15 Cr ,"3 BHK Apartment for Sale in Mani Megh Mani, Eastern Metropolitan Bypass Kolkata South",Super Area1734 sqftStatusReady to MoveFloor19 out of 37TransactionResaleFurnishingSemi-FurnishedfacingSouth - EastoverlookingMain RoadSocietyMani Megh ManiOwnershipFreeholdCar Parking1 CoveredBathroom3Balcony1
Bengal Peerless Avidipta Phase 2,₹65 Lac ,"2 BHK Apartment for Sale in Bengal Peerless Avidipta Phase 2, Eastern Metropolitan Bypass Kolkata South",Super Area698 sqftStatusReady to MoveFloor31 out of 34TransactionResaleFurnishingUnfurnishedfacingSouth -WestoverlookingMain RoadSocietyBengal Peerless Avidipta Phase 2OwnershipFreeholdBathroom1Balcony1
,₹1.17 Cr ,"4 BHK Apartment for Sale in THE HYACINTH, Sonarpur Kolkata South",Super Area2442 sqftUnder ConstructionPoss. by Dec '29TransactionNew PropertyFurnishingUnfurnishedSocietyTHE HYACINTHCar Parking1 OpenBathroom3
,₹41.3 Lac ,"3 BHK Apartment for Sale in Mayfair Smart City Santorini, Tollygunge Kolkata South",Super Area1095 sqftUnder ConstructionPoss. by Dec '28TransactionNew PropertyFurnishingUnfurnishedSocietyMayfair Smart City SantoriniCar Parking1 CoveredBathroom2
Diamond City South,₹1.12 Cr ,"3 BHK Apartment for Sale in Diamond City South, Tollygunge Kolkata South","Carpet Area1100 sqftStatusReady to MoveFloor15 out of 20TransactionResaleFurnishingUnfurnishedfacingSouth - EastoverlookingGarden/Park, Pool, Main RoadSocietyDiamond City SouthOwnershipFreeholdBathroom2Balcony1"
Bengal Peerless Avidipta,₹2 Cr ,"3 BHK Apartment for Sale in Bengal Peerless Avidipta, Eastern Metropolitan Bypass Kolkata South","Carpet Area1430 sqftStatusReady to MoveFloor7 out of 16TransactionResaleFurnishingUnfurnishedfacingSouthoverlookingGarden/Park, Pool, Main RoadSocietyBengal Peerless AvidiptaOwnershipFreeholdCar Parking1 CoveredBathroom3Balcony2"
,₹1.25 Cr ,4 BHK Villa for Sale in Sonarpur Station Road Kolkata South,Super Area1973 sqftUnder ConstructionPoss. by May '27TransactionNew PropertyFurnishingUnfurnishedfacingSouth - EastoverlookingMain RoadOwnershipFreeholdCar Parking1 CoveredBathroom5Balcony2
Vinayak Amara,₹2.47 Cr ,"4 BHK Apartment for Sale in Vinayak Amara, New Town Kolkata East",Carpet Area1516 sqftUnder ConstructionPoss. by Jul '29TransactionNew PropertyFurnishingUnfurnishedSocietyVinayak AmaraBathroom4Balcony1
Srijan Town Square,₹4.07 Cr ,"4 BHK Apartment for Sale in Srijan Town Square, New Town Kolkata East",Super Area2979 sqftUnder ConstructionPoss. by Jan '28TransactionNew PropertyFurnishingUnfurnishedSocietySrijan Town SquareBathroom3Balcony2
DTC Still Waters,₹1.54 Cr ,"4 BHK Apartment for Sale in DTC Still Waters, New Town Kolkata East",Super Area2030 sqftUnder ConstructionPoss. by Dec '31TransactionNew PropertyFurnishingUnfurnishedSocietyDTC Still WatersBathroom4Balcony2
PS Vaanya,₹3.27 Cr ,"4 BHK Apartment for Sale in PS Vaanya, New Town Kolkata East",Carpet Area2185 sqftUnder ConstructionPoss. by Dec '27TransactionNew PropertyFurnishingUnfurnishedSocietyPS VaanyaBathroom4Balcony2
DTC Still Waters,₹1.48 Cr ,"4 BHK Apartment for Sale in DTC Still Waters, New Town Kolkata East",Super Area2030 sqftUnder ConstructionPoss. by Dec '31TransactionNew PropertyFurnishingUnfurnishedSocietyDTC Still WatersBathroom4Balcony2
Siom Mani Casa 2,₹1.82 Cr ,"3 BHK Apartment for Sale in Siom Mani Casa 2, Action Area 2 Kolkata East",Carpet Area1166 sqftUnder ConstructionPoss. by Jun '26TransactionNew PropertyFurnishingUnfurnishedSocietySiom Mani Casa 2Bathroom2Balcony1
Siom Mani Casa 2,₹1.82 Cr ,"3 BHK Apartment for Sale in Siom Mani Casa 2, Action Area 2 Kolkata East",Carpet Area1166 sqftUnder ConstructionPoss. by Jun '26TransactionNew PropertyFurnishingUnfurnishedSocietySiom Mani Casa 2Bathroom2Balcony1
DTC Still Waters,₹88 Lac ,"3 BHK Apartment for Sale in DTC Still Waters, New Town Kolkata East",Super Area1160 sqftUnder ConstructionPoss. by Dec '31TransactionNew PropertyFurnishingUnfurnishedSocietyDTC Still WatersBathroom2Balcony1
Srijan Town Square,₹2.75 Cr ,"3 BHK Apartment for Sale in Srijan Town Square, New Town Kolkata East",Super Area2017 sqftUnder ConstructionPoss. by Jan '28TransactionNew PropertyFurnishingUnfurnishedSocietySrijan Town SquareBathroom2Balcony1
Ambuja Urvisha The Condoville,₹2.32 Cr ,"3 BHK Apartment for Sale in Ambuja Urvisha The Condoville, New Town Kolkata East",Super Area1717 sqftUnder ConstructionPoss. by Oct '26TransactionNew PropertyFurnishingUnfurnishedSocietyAmbuja Urvisha The CondovilleBathroom3Balcony3
PS Vaanya,₹3.25 Cr ,"4 BHK Apartment for Sale in PS Vaanya, New Town Kolkata East",Carpet Area2185 sqftUnder ConstructionPoss. by Dec '27TransactionNew PropertyFurnishingUnfurnishedSocietyPS VaanyaBathroom4Balcony2
,₹1.10 Cr ,"4 BHK Apartment for Sale in Premier Co Operative Housing Society Ltd, Action Area 3 Kolkata East",Super Area1650 sqftUnder ConstructionPoss. by Dec '29TransactionNew PropertyFurnishingUnfurnishedSocietyPremier Co Operative Housing Society LtdCar Parking1 CoveredBathroom3
,₹85.5 Lac ,"3 BHK Apartment for Sale in Neelkanth Chitrakut Greenville, New Town Kolkata East",Super Area1110 sqftUnder ConstructionPoss. by Dec '28TransactionNew PropertyFurnishingUnfurnishedSocietyNeelkanth Chitrakut GreenvilleCar Parking1 CoveredBathroom2
,₹54.9 Lac ,"2 BHK Apartment for Sale in HIVE URBAN UTOPIA, New Town Kolkata East",Super Area997 sqftUnder ConstructionPoss. by Jun '27TransactionNew PropertyFurnishingUnfurnishedSocietyHIVE URBAN UTOPIACar Parking1 CoveredBathroom2
Imagine Techpark,₹2.40 Cr ,"  Office Space for Sale in Imagine Techpark, Sector 5 Salt Lake City Kolkata East",Carpet Area1600 sqftStatusReady to MoveFloor18 out of 23TransactionNew PropertyCar Parking2 CoveredBathroom2
,₹4.50 Cr ,5 BHK Villa for Sale in Bantala Kolkata East,Carpet Area4000 sqftStatusReady to MoveTransactionResaleFurnishingFurnishedfacingSouthoverlookingGarden/ParkOwnershipFreeholdCar Parking1 CoveredBathroom5Balcony1
,₹27.8 Lac ,"2 BHK Apartment for Sale in Astdurga Meena Maple, Gouranganagar Kolkata East",Super Area795 sqftUnder ConstructionPoss. by Jan '27TransactionNew PropertyFurnishingUnfurnishedSocietyAstdurga Meena MapleBathroom2
Mani Casa,₹1.30 Cr ,"2 BHK Apartment for Sale in Mani Casa, New Town Kolkata East","Super Area880 sqftStatusReady to MoveFloor14 out of 23TransactionResaleFurnishingUnfurnishedfacingSouth - EastoverlookingGarden/Park, Main RoadSocietyMani CasaOwnershipFreeholdCar Parking1 CoveredBathroom2Balcony1"
DTC Still Waters,₹1.55 Cr ,"3 BHK Apartment for Sale in DTC Still Waters, New Town Kolkata East",Super Area1160 sqftUnder ConstructionPoss. by Dec '31TransactionNew PropertyFurnishingUnfurnishedfacingSouth - EastoverlookingMain RoadSocietyDTC Still WatersOwnershipFreeholdBathroom2Balcony2
Alaktika Complex,₹1.60 Cr ,"4 BHK Apartment for Sale in Alaktika Complex, New Town Kolkata East","Super Area2238 sqftStatusReady to MoveFloor1 out of 9TransactionResaleFurnishingUnfurnishedfacingSouth - EastoverlookingGarden/Park, Main RoadSocietyAlaktika ComplexOwnershipLeaseholdBathroom3Balcony3"
,₹1.40 Cr ,  Office Space for Sale in New Town Kolkata East,Carpet Area840 sqftStatusReady to MoveFloor14 out of 14TransactionResaleCar Parking1 CoveredBathroom1
Mani Casadona,₹3 Cr ,"  Office Space for Sale in Mani Casadona, Action Area 2 Kolkata East",Carpet Area3238 sqftStatusReady to MoveFloor9 out of 19TransactionResaleCar Parking3 CoveredBathroom1
Ambuja Urvisha The Condoville,₹2.60 Cr ,"3 BHK Apartment for Sale in Ambuja Urvisha The Condoville, New Town Kolkata East","Carpet Area1299 sqftUnder ConstructionPoss. by Dec '26Floor8 out of 11TransactionNew PropertyFurnishingUnfurnishedfacingSouthoverlookingGarden/Park, Main RoadSocietyAmbuja Urvisha The CondovilleOwnershipFreeholdCar Parking1 CoveredBathroom2Balcony2"
Vinayak Amara,₹2.39 Cr ,"4 BHK Apartment for Sale in Vinayak Amara, New Town Kolkata East","Carpet Area1516 sqftUnder ConstructionPoss. by Jul '29Floor20 out of 27TransactionNew PropertyFurnishingUnfurnishedfacingSouth - EastoverlookingGarden/Park, Pool, Main RoadSocietyVinayak AmaraOwnershipFreeholdCar Parking1 CoveredBathroom4Balcony2"
Bengal Urbana Phase 2,₹7.50 Cr ,"4 BHK Apartment for Sale in Bengal Urbana Phase 2, Anandapur Kolkata East",Carpet Area2846 sqftUnder ConstructionPoss. by Dec '27Floor23 out of 45TransactionResaleFurnishingUnfurnishedfacingNorth - EastoverlookingMain RoadSocietyBengal Urbana Phase 2OwnershipLeaseholdCar Parking2 CoveredBathroom4Balcony2
Pasari and Deepam Marinas Edge,₹3.25 Cr ,"3 BHK Apartment for Sale in Pasari and Deepam Marinas Edge, Sector 5 Salt Lake City Kolkata East",Carpet Area1509 sqftUnder ConstructionPoss. by Mar '30Floor2 out of 15TransactionNew PropertyFurnishingUnfurnishedfacingSouth - EastSocietyPasari and Deepam Marinas EdgeOwnershipFreeholdCar Parking1 CoveredBathroom3Balcony1
Ambuja Urvisha The Condoville,₹2.55 Cr ,"3 BHK Apartment for Sale in Ambuja Urvisha The Condoville, Action Area 1 Kolkata East",Super Area1717 sqftUnder ConstructionPoss. by Dec '26Floor6 out of 11TransactionResaleFurnishingSemi-FurnishedoverlookingPoolSocietyAmbuja Urvisha The CondovilleOwnershipFreeholdBathroom3Balcony2
,₹3.20 Cr ,4 BHK Apartment for Sale in New Town Kolkata East,"Super Area2917 sqftUnder ConstructionPoss. by Jul '28TransactionNew PropertyFurnishingUnfurnishedfacingNorth - EastoverlookingGarden/Park, Main RoadOwnershipFreeholdCar Parking2 CoveredBathroom3Balcony1"
PS Vaanya,₹5.60 Cr ,"5 BHK Apartment for Sale in PS Vaanya, New Town Kolkata East","Super Area4400 sqftUnder ConstructionPoss. by Dec '27TransactionResaleFurnishingUnfurnishedfacingNorth - EastoverlookingGarden/Park, Main RoadSocietyPS VaanyaOwnershipFreeholdCar Parking2 CoveredBathroom3Balcony1"
Srijan Town Square,₹3.75 Cr ,"4 BHK Apartment for Sale in Srijan Town Square, New Town Kolkata East",Super Area2703 sqftUnder ConstructionPoss. by Dec '28Floor9 out of 15TransactionNew PropertyFurnishingUnfurnishedfacingSouth - EastSocietySrijan Town SquareOwnershipFreeholdCar Parking1 CoveredBathroom3Balcony2
Sun Skyview,₹72.7 Lac ,"3 BHK Apartment for Sale in Sun Skyview, Shela Ahmedabad",Carpet Area931 sqftUnder ConstructionPoss. by Dec '27TransactionNew PropertyFurnishingUnfurnishedSocietySun SkyviewBathroom3Balcony1
Safal Riviera Aspire,₹1.64 Cr ,"3 BHK Apartment for Sale in Safal Riviera Aspire, Shela Ahmedabad",Carpet Area1507 sqftTransactionNew PropertyFurnishingUnfurnishedSocietySafal Riviera AspireBathroom3Balcony1
Planet,₹73.1 Lac ,"3 BHK Apartment for Sale in Planet, Shela Ahmedabad",Carpet Area968 sqftUnder ConstructionPoss. by Dec '28TransactionNew PropertyFurnishingUnfurnishedSocietyPlanetBathroom3Balcony1
Riviera Majestica,₹3.02 Cr ,"5 BHK Apartment for Sale in Riviera Majestica, Shela Ahmedabad",Carpet Area2772 sqftUnder ConstructionPoss. by Oct '26TransactionNew PropertyFurnishingUnfurnishedSocietyRiviera MajesticaBathroom5Balcony1
Vishwanath Maher Select,₹85 Lac ,"3 BHK Apartment for Sale in Vishwanath Maher Select, Shela Ahmedabad",Carpet Area952 sqftStatusReady to MoveTransactionNew PropertyFurnishingUnfurnishedSocietyVishwanath Maher SelectBathroom3Balcony1
Turquoise Rosedale,₹75 Lac ,"3 BHK Apartment for Sale in Turquoise Rosedale, Shela Ahmedabad",Carpet Area856 sqftTransactionNew PropertyFurnishingUnfurnishedSocietyTurquoise RosedaleBathroom3Balcony1
Riviera Majestica,₹3.02 Cr ,"5 BHK Apartment for Sale in Riviera Majestica, Shela Ahmedabad",Carpet Area2772 sqftUnder ConstructionPoss. by Dec '27TransactionNew PropertyFurnishingUnfurnishedSocietyRiviera MajesticaBathroom5Balcony1
Safal Niwa,₹79.3 Lac ,"3 BHK Apartment for Sale in Safal Niwa, Shela Ahmedabad",Carpet Area862 sqftUnder ConstructionPoss. by Dec '28TransactionNew PropertyFurnishingUnfurnishedSocietySafal NiwaBathroom3Balcony1
Safal Niwa,₹1.50 Cr ,"4 BHK Apartment for Sale in Safal Niwa, Shela Ahmedabad",Carpet Area1452 sqftTransactionNew PropertyFurnishingUnfurnishedSocietySafal NiwaBathroom4Balcony1
Riviera Majestica,₹3.02 Cr ,"5 BHK Apartment for Sale in Riviera Majestica, Shela Ahmedabad",Carpet Area2772 sqftUnder ConstructionPoss. by Dec '27TransactionNew PropertyFurnishingUnfurnishedSocietyRiviera MajesticaBathroom5Balcony1
Vishwanath Maher Select,₹85 Lac ,"3 BHK Apartment for Sale in Vishwanath Maher Select, Shela Ahmedabad",Carpet Area952 sqftTransactionNew PropertyFurnishingUnfurnishedSocietyVishwanath Maher SelectBathroom3Balcony1
Safal Niwa,₹1.50 Cr ,"4 BHK Apartment for Sale in Safal Niwa, Shela Ahmedabad",Carpet Area1452 sqftUnder ConstructionPoss. by Dec '31TransactionNew PropertyFurnishingUnfurnishedSocietySafal NiwaBathroom4Balcony1
,₹81.1 Lac ,"3 BHK Apartment for Sale in Elenza Castle, Shela Ahmedabad",Super Area1700 sqftUnder ConstructionPoss. by Dec '29TransactionNew PropertyFurnishingUnfurnishedSocietyElenza CastleCar Parking1 CoveredBathroom3
,₹73.1 Lac ,3 BHK Apartment for Sale in Shela Ahmedabad,"Carpet Area822 sqftUnder ConstructionPoss. by Dec '30Floor9 out of 14TransactionNew PropertyFurnishingUnfurnishedfacingEastoverlookingGarden/Park, PoolOwnershipFreeholdCar Parking1 CoveredBathroom3Balcony1"
Riviera Majestica,₹2.27 Cr ,"4 BHK Apartment for Sale in Riviera Majestica, Shela Ahmedabad","Carpet Area1858 sqftUnder ConstructionPoss. by Dec '27Floor18 out of 32TransactionNew PropertyFurnishingUnfurnishedfacingEastoverlookingGarden/Park, Pool, Main RoadSocietyRiviera MajesticaOwnershipFreeholdCar Parking1 CoveredBathroom4Balcony1"
Armonia Sky,₹51 Lac ,"2 BHK Apartment for Sale in Armonia Sky, Shela Ahmedabad",Super Area1390 sqftUnder ConstructionPoss. by May '29Floor10 out of 22TransactionNew PropertyFurnishingUnfurnishedfacingEastoverlookingMain RoadSocietyArmonia SkyOwnershipFreeholdCar Parking1 CoveredBathroom2Balcony1
Riviera Palacio,₹4.59 Cr ,"4 BHK Apartment for Sale in Riviera Palacio, Shela Ahmedabad",Carpet Area3815 sqftUnder ConstructionPoss. by Apr '28Floor20 out of 35TransactionNew PropertyFurnishingUnfurnishedSocietyRiviera PalacioBathroom5Balcony2
Swati Trinity,₹8.22 Cr ,"  Showroom for Sale in Swati Trinity, Shela Ahmedabad",Super Area8951 sqftStatusReady to MoveFloor3 out of 14TransactionResaleCar Parking5 CoveredBathroom2
Orchid Valley,₹68.4 Lac ,"  Shop for Sale in Orchid Valley, Shela Ahmedabad",Super Area472 sqftStatusReady to MoveFloorGround out of 14TransactionNew PropertyCar Parking1 Open
Aravalli By Ratnaakar,₹9.75 Cr ,"4 BHK Villa for Sale in Aravalli By Ratnaakar, Shela Ahmedabad",Super Area855 sqyrdUnder ConstructionPoss. by May '26TransactionNew PropertyFurnishingUnfurnishedfacingEastoverlookingGarden/ParkOwnershipFreeholdSocietyAravalli By RatnaakarCar Parking2 CoveredBathroom5Balcony3
Safal Riviera Aspire,₹2.35 Cr ,"3 BHK Apartment for Sale in Safal Riviera Aspire, Shela Ahmedabad","Carpet Area1611 sqftStatusReady to MoveFloorGround out of 21TransactionResaleFurnishingFurnishedfacingEastoverlookingGarden/Park, Main RoadSocietySafal Riviera AspireOwnershipFreeholdCar Parking2 CoveredBathroom3Balcony1"
Safal Niwa,₹1.46 Cr ,"4 BHK Apartment for Sale in Safal Niwa, Shela Ahmedabad","Carpet Area1558 sqftUnder ConstructionPoss. by Dec '30Floor16 out of 21TransactionNew PropertyFurnishingUnfurnishedfacingEastoverlookingGarden/Park, Main RoadSocietySafal NiwaOwnershipFreeholdCar Parking1 Covered,Bathroom4Balcony1"
Safal Riviera Aspire,₹3.20 Cr ,"4 BHK Penthouse for Sale in Safal Riviera Aspire, Shela Ahmedabad",Carpet Area2738 sqftStatusReady to MoveFloor20 out of 21TransactionResaleFurnishingUnfurnishedfacingEastoverlookingMain RoadSocietySafal Riviera AspireOwnershipFreeholdCar Parking2 CoveredBathroom4Balcony1
Shilp Revanta,₹60.4 Lac ,"3 BHK Apartment for Sale in Shilp Revanta, Shela Ahmedabad","Super Area1510 sqftStatusReady to MoveFloor6 out of 14TransactionNew PropertyFurnishingUnfurnishedfacingEastoverlookingGarden/Park, Pool, Main RoadSocietyShilp RevantaOwnershipFreeholdCar Parking1 CoveredBathroom3Balcony1"
,₹1.43 Cr ,3 BHK Apartment for Sale in Shela Ahmedabad,"Super Area2645 sqftUnder ConstructionPoss. by May '27Floor8 out of 14TransactionResaleFurnishingUnfurnishedfacingEastoverlookingGarden/Park, Main RoadOwnershipFreeholdCar Parking2 CoveredBathroom3Balcony2"
Vraj Garden,₹7.15 Cr ,"  Plot/Land for Sale in Vraj Garden, Shela Ahmedabad","Plot Area8586 sqftDimensions (L X B)90 X 95.4OwnershipFreeholdTransactionResalefloors allowed for construction3Open Sides4Width of road facing the plot9 moverlookingGarden/Park, Main RoadBoundaryYes"
Goyal Riviera Elite,₹2.93 Cr ,"4 BHK Apartment for Sale in Goyal Riviera Elite, Shela Ahmedabad","Carpet Area2052 sqftStatusReady to MoveFloor10 out of 21TransactionResaleFurnishingUnfurnishedfacingEastoverlookingGarden/Park, Main RoadSocietyGoyal Riviera EliteOwnershipFreeholdCar Parking2 Covered,Bathroom4Balcony1"
Turquoise Greenz,₹79 Lac ,"3 BHK Apartment for Sale in Turquoise Greenz, Shela Ahmedabad","Super Area1700 sqftStatusReady to MoveFloor7 out of 14TransactionResaleFurnishingUnfurnishedfacingNorth - EastoverlookingMain RoadSocietyTurquoise GreenzOwnershipFreeholdCar Parking1 Covered,Bathroom3Balcony3"
Green Legacy,₹87 Lac ,"3 BHK Apartment for Sale in Green Legacy, Shela Ahmedabad","Super Area1850 sqftUnder ConstructionPoss. by Dec '28Floor8 out of 14TransactionNew PropertyFurnishingUnfurnishedfacingEastoverlookingGarden/Park, Main RoadSocietyGreen LegacyOwnershipFreeholdCar Parking1 Covered,Bathroom3Balcony1"
Turquoise Rosedale,₹75 Lac ,"3 BHK Apartment for Sale in Turquoise Rosedale, Shela Ahmedabad","Carpet Area856 sqftUnder ConstructionPoss. by Dec '29Floor4 out of 10TransactionResaleFurnishingUnfurnishedoverlookingMain RoadSocietyTurquoise RosedaleOwnershipFreeholdCar Parking1 Covered,Bathroom3Balcony1"
,₹64.6 Lac ,2 BHK Apartment for Sale in Kelambakkam Chennai,Super Area993 sqftUnder ConstructionPoss. by Aug '28TransactionNew PropertyFurnishingUnfurnishedCar Parking1 CoveredBathroom2
,₹1.45 Cr ,3 BHK Apartment for Sale in Tondiarpet Chennai,Super Area1609 sqftUnder ConstructionPoss. by Dec '26TransactionNew PropertyFurnishingUnfurnishedCar Parking1 CoveredBathroom3
DRA Infinique,₹2.40 Cr ,4 BHK Apartment for Sale in Valasaravakkam Chennai,Super Area2058 sqftUnder ConstructionPoss. by Dec '26TransactionNew PropertyFurnishingUnfurnishedBathroom3Balcony1
Prestige Pallava Gardens,₹1.75 Cr ,3 BHK Apartment for Sale in Pallavaram Chennai,Carpet Area1018 sqftUnder ConstructionPoss. by Dec '29TransactionNew PropertyFurnishingUnfurnishedBathroom3Balcony1
Sameera Elite Garden,₹1.51 Cr ,  Plot/Land for Sale in Poonamallee Chennai,Plot Area1888 sqftUnder ConstructionPoss. by Dec '29TransactionNew Property
Radiance Eternity,₹3.37 Cr ,4 BHK Apartment for Sale in Thoraipakkam Chennai,Super Area2711 sqftUnder ConstructionPoss. by May '30TransactionNew PropertyFurnishingUnfurnishedBathroom4Balcony2
Sameera New Vision Township,₹1.41 Cr ,  Plot/Land for Sale in East Tambaram Chennai,Plot Area2666 sqftTransactionNew Property
The World Of Joy,₹70.1 Lac ,3 BHK Apartment for Sale in Siruseri Chennai,Carpet Area635 sqftUnder ConstructionPoss. by Dec '27TransactionNew PropertyFurnishingUnfurnishedBathroom3Balcony1
Casagrand Avenue Park,₹1.97 Cr ,3 BHK Apartment for Sale in Perungudi Chennai,Super Area2104 sqftUnder ConstructionPoss. by Jul '26TransactionNew PropertyFurnishingUnfurnishedBathroom3
Gnanasundaram Kokilam,₹1.29 Cr ,3 BHK Apartment for Sale in Velachery Chennai,Super Area1357 sqftTransactionNew PropertyFurnishingUnfurnishedBathroom3Balcony2
Brigade Altius,₹6.91 Cr ,4 BHK Apartment for Sale in Sholinganallur Chennai,Super Area5054 sqftUnder ConstructionPoss. by Dec '31TransactionNew PropertyFurnishingUnfurnishedBathroom4Balcony4
TVS Emerald Verde Vista,₹1.08 Cr ,3 BHK Apartment for Sale in Padur Chennai,Carpet Area1200 sqftUnder ConstructionPoss. by Dec '28TransactionNew PropertyFurnishingUnfurnishedBathroom3Balcony2
Prestige Pallava Gardens,₹1.75 Cr ,3 BHK Apartment for Sale in Pallavaram Chennai,Carpet Area1018 sqftUnder ConstructionPoss. by Dec '29TransactionNew PropertyFurnishingUnfurnishedBathroom3Balcony1
VR Fortuna,₹36 Lac ,  Plot/Land for Sale in Poonamallee Chennai,Plot Area800 sqftUnder ConstructionPoss. by Apr '26TransactionNew Property
Shriram 122 West,₹77.8 Lac ,3 BHK Apartment for Sale in Mangadu Chennai,Super Area1157 sqftTransactionNew PropertyFurnishingUnfurnishedBathroom2
Urbanrise The Lakes Edge,₹96.1 Lac ,2 BHK Apartment for Sale in Madhavaram Chennai,Super Area1160 sqftUnder ConstructionPoss. by Sep '28TransactionNew PropertyFurnishingUnfurnishedBathroom2Balcony1
Budget Aadhavan Garden,₹32.9 Lac ,  Plot/Land for Sale in Parandur Chennai,Plot Area1566 sqftTransactionNew Property
Urbanrise Whispers of Sky,₹1.82 Cr ,4 BHK Apartment for Sale in Sholinganallur Chennai,Carpet Area1063 sqftUnder ConstructionPoss. by Sep '30TransactionNew PropertyFurnishingUnfurnishedBathroom3Balcony2
Quoins White Town Villas,₹1.24 Cr ,4 BHK Villa for Sale in Guduvancherry Chennai,Super Area1780 sqftUnder ConstructionPoss. by Jun '27TransactionNew PropertyFurnishingUnfurnishedCar Parking1 OpenBathroom3Balcony2
Brigade Altius,₹2.54 Cr ,3 BHK Apartment for Sale in Sholinganallur Chennai,Super Area1857 sqftUnder ConstructionPoss. by Dec '31TransactionNew PropertyFurnishingUnfurnishedBathroom3Balcony2
Rohaan Daisy Garden,₹82.7 Lac ,3 BHK Builder Floor for Sale in Perumbakkam Chennai,Super Area1088 sqftTransactionNew PropertyFurnishingUnfurnishedCar Parking1 OpenBathroom2
Provident Bayscape,₹89.6 Lac ,3 BHK Apartment for Sale in Kelambakkam Chennai,Super Area1400 sqftUnder ConstructionPoss. by Mar '28TransactionNew PropertyFurnishingUnfurnishedBathroom3Balcony2
DRA 90 Degrees,₹1.15 Cr ,2 BHK Apartment for Sale in Kovilambakkam Chennai,Super Area1068 sqftTransactionNew PropertyFurnishingUnfurnishedBathroom2Balcony1
,₹67 Lac ,  Plot/Land for Sale in Sriperumbudur Chennai,Plot Area2400 sqftTransactionNew Property
,₹1.77 Cr ,3 BHK Apartment for Sale in Mogappair Chennai,Super Area1364 sqftUnder ConstructionPoss. by Dec '32TransactionNew PropertyFurnishingUnfurnishedCar Parking1 CoveredBathroom3
,₹55.4 Lac ,  Plot/Land for Sale in Chembarambakkam Chennai,Plot Area1045 sqftTransactionNew Property
,₹38.5 Lac ,2 BHK Apartment for Sale in Thirumazhisai Chennai,Super Area573 sqftUnder ConstructionPoss. by Jun '26TransactionNew PropertyFurnishingUnfurnishedBathroom2
,₹1.32 Cr ,3 BHK Villa for Sale in Padur Chennai,Super Area1700 sqftStatusReady to MoveTransactionNew PropertyFurnishingUnfurnishedCar Parking1 CoveredBathroom3
,₹48.8 Lac ,2 BHK Apartment for Sale in Avadi Chennai,Super Area878 sqftUnder ConstructionPoss. by Oct '26TransactionNew PropertyFurnishingUnfurnishedCar Parking1 CoveredBathroom2
,₹38 Lac ,2 BHK Apartment for Sale in Thirumazhisai Chennai,Super Area575 sqftUnder ConstructionPoss. by Jul '26TransactionNew PropertyFurnishingUnfurnishedCar Parking1 CoveredBathroom2
,₹64.6 Lac ,2 BHK Apartment for Sale in Kelambakkam Chennai South,Super Area993 sqftUnder ConstructionPoss. by Aug '28TransactionNew PropertyFurnishingUnfurnishedCar Parking1 CoveredBathroom2
NCC Urban Ivy Towers,₹1.67 Cr ,3 BHK Apartment for Sale in Pallavaram Chennai South,Carpet Area1203 sqftUnder ConstructionPoss. by Dec '27TransactionNew PropertyFurnishingUnfurnishedBathroom3Balcony1
Prestige Pallava Gardens,₹1.75 Cr ,3 BHK Apartment for Sale in Pallavaram Chennai South,Carpet Area1018 sqftUnder ConstructionPoss. by Dec '29TransactionNew PropertyFurnishingUnfurnishedBathroom3Balcony1
Radiance Eternity,₹3.37 Cr ,4 BHK Apartment for Sale in Thoraipakkam Chennai South,Super Area2711 sqftUnder ConstructionPoss. by May '30TransactionNew PropertyFurnishingUnfurnishedBathroom4Balcony2
Sameera New Vision Township,₹1.41 Cr ,  Plot/Land for Sale in East Tambaram Chennai South,Plot Area2666 sqftTransactionNew Property
The World Of Joy,₹70.1 Lac ,3 BHK Apartment for Sale in Siruseri Chennai South,Carpet Area635 sqftUnder ConstructionPoss. by Dec '27TransactionNew PropertyFurnishingUnfurnishedBathroom3Balcony1
Casagrand Avenue Park,₹1.97 Cr ,3 BHK Apartment for Sale in Perungudi Chennai South,Super Area2104 sqftUnder ConstructionPoss. by Jul '26TransactionNew PropertyFurnishingUnfurnishedBathroom3
Gnanasundaram Kokilam,₹1.29 Cr ,3 BHK Apartment for Sale in Velachery Chennai South,Super Area1357 sqftTransactionNew PropertyFurnishingUnfurnishedBathroom3Balcony2
Brigade Altius,₹6.91 Cr ,4 BHK Apartment for Sale in Sholinganallur Chennai South,Super Area5054 sqftUnder ConstructionPoss. by Dec '31TransactionNew PropertyFurnishingUnfurnishedBathroom4Balcony4
TVS Emerald Verde Vista,₹1.08 Cr ,3 BHK Apartment for Sale in Padur Chennai South,Carpet Area1200 sqftUnder ConstructionPoss. by Dec '28TransactionNew PropertyFurnishingUnfurnishedBathroom3Balcony2
Prestige Pallava Gardens,₹1.75 Cr ,3 BHK Apartment for Sale in Pallavaram Chennai South,Carpet Area1018 sqftUnder ConstructionPoss. by Dec '29TransactionNew PropertyFurnishingUnfurnishedBathroom3Balcony1
Godrej Azure,₹2.16 Cr ,4 BHK Apartment for Sale in Padur Chennai South,Super Area2720 sqftUnder ConstructionPoss. by Oct '28TransactionNew PropertyFurnishingUnfurnishedBathroom4Balcony2
Urbanrise Whispers of Sky,₹1.82 Cr ,4 BHK Apartment for Sale in Sholinganallur Chennai South,Carpet Area1063 sqftUnder ConstructionPoss. by Sep '30TransactionNew PropertyFurnishingUnfurnishedBathroom3Balcony2
Quoins White Town Villas,₹1.24 Cr ,4 BHK Villa for Sale in Guduvancherry Chennai South,Super Area1780 sqftUnder ConstructionPoss. by Jun '27TransactionNew PropertyFurnishingUnfurnishedCar Parking1 OpenBathroom3Balcony2
Brigade Altius,₹2.54 Cr ,3 BHK Apartment for Sale in Sholinganallur Chennai South,Super Area1857 sqftUnder ConstructionPoss. by Dec '31TransactionNew PropertyFurnishingUnfurnishedBathroom3Balcony2
Rohaan Daisy Garden,₹82.7 Lac ,3 BHK Builder Floor for Sale in Perumbakkam Chennai South,Super Area1088 sqftTransactionNew PropertyFurnishingUnfurnishedCar Parking1 OpenBathroom2
Provident Bayscape,₹89.6 Lac ,3 BHK Apartment for Sale in Kelambakkam Chennai South,Super Area1400 sqftUnder ConstructionPoss. by Mar '28TransactionNew PropertyFurnishingUnfurnishedBathroom3Balcony2
DRA 90 Degrees,₹1.15 Cr ,2 BHK Apartment for Sale in Kovilambakkam Chennai South,Super Area1068 sqftTransactionNew PropertyFurnishingUnfurnishedBathroom2Balcony1
,₹1.76 Cr ,3 BHK Apartment for Sale in Guindy Chennai South,Super Area1354 sqftUnder ConstructionPoss. by Jul '27TransactionNew PropertyFurnishingUnfurnishedCar Parking1 CoveredBathroom3
,₹1.24 Cr ,2 BHK Apartment for Sale in Muthukadu Chennai South,Super Area910 sqftUnder ConstructionPoss. by Apr '26TransactionNew PropertyFurnishingFurnishedBathroom2
,₹1.32 Cr ,3 BHK Villa for Sale in Padur Chennai South,Super Area1700 sqftStatusReady to MoveTransactionNew PropertyFurnishingUnfurnishedCar Parking1 CoveredBathroom3
,₹57.4 Lac ,3 BHK Apartment for Sale in Kelambakkam Chennai South,Super Area1127 sqftUnder ConstructionPoss. by Apr '26TransactionNew PropertyFurnishingUnfurnishedCar Parking1 CoveredBathroom3
,₹1.82 Cr ,3 BHK Apartment for Sale in Sholinganallur Chennai South,Carpet Area1063 sqftUnder ConstructionPoss. by Sep '30TransactionNew PropertyFurnishingUnfurnishedCar Parking1 CoveredBathroom3
,₹2.06 Cr ,3 BHK Apartment for Sale in East Coast Road Chennai South,Super Area3643 sqftStatusReady to MoveTransactionNew PropertyFurnishingUnfurnishedCar Parking1 CoveredBathroom3
,₹1.41 Cr ,  Plot/Land for Sale in Medavakkam Chennai South,Plot Area2028 sqftTransactionNew Property
,₹90 Lac ,3 BHK Apartment for Sale in Thirumudivakkam Chennai South,Super Area1497 sqftStatusReady to MoveTransactionNew PropertyFurnishingUnfurnishedCar Parking1 CoveredBathroom3
,₹5.47 Cr ,3 BHK Apartment for Sale in Thiruvanmiyur Chennai South,Super Area2066 sqftTransactionNew PropertyFurnishingUnfurnishedCar Parking1 CoveredBathroom3
,₹1.60 Cr ,  Plot/Land for Sale in Mambakkam Chennai South,Plot Area2800 sqftTransactionNew Property
,₹60 Lac ,2 BHK Apartment for Sale in Sholinganallur Chennai South,Super Area1000 sqftUnder ConstructionPoss. by May '26TransactionNew PropertyFurnishingUnfurnishedCar Parking1 CoveredBathroom2
,₹1.30 Cr ,3 BHK Apartment for Sale in OMR Chennai South,Super Area1535 sqftUnder ConstructionPoss. by Jun '30TransactionNew PropertyFurnishingUnfurnishedCar Parking1 CoveredBathroom2
,₹4.75 Cr ,3 BHK  House for Sale in Triplicane Chennai,Carpet Area2500 sqftStatusReady to MoveFloorGround out of 1TransactionResaleFurnishingFurnishedfacingSouth -WestOwnershipFreeholdDimensions30 X 51 ft SqftBathroom4Balcony1
Roohi Aswat,₹1 Cr ,2 BHK Flat for Sale in Royapettah Chennai,Carpet Area900 sqftStatusReady to MoveFloor1 out of 2TransactionResaleFurnishingSemi-FurnishedfacingWestOwnershipFreeholdBathroom2Balcony2
,₹7.45 Cr ,3 BHK Flat for Sale in Nungambakkam Chennai,Super Area2485 sqftUnder ConstructionPoss. by Oct '27TransactionNew PropertyFurnishingUnfurnishedCar Parking1 CoveredBathroom3
,₹6.97 Cr ,3 BHK Flat for Sale in Nungambakkam Chennai,Super Area2330 sqftUnder ConstructionPoss. by Oct '27TransactionNew PropertyFurnishingUnfurnishedCar Parking1 CoveredBathroom3
,₹7.80 Cr ,3 BHK Flat for Sale in Mount Road Chennai,"Carpet Area2500 sqftUnder ConstructionPoss. by Jun '30Floor21 out of 38TransactionNew PropertyFurnishingUnfurnishedfacingEastoverlookingGarden/Park, Pool, Main RoadCar Parking1 CoveredBathroom3Balcony1"
,₹2.85 Cr ,4 BHK Flat for Sale in T Nagar Chennai,Carpet Area1250 sqftStatusReady to MoveFloor2 out of 5TransactionNew PropertyFurnishingUnfurnishedfacingSouthoverlookingMain RoadOwnershipFreeholdCar Parking1 CoveredBathroom3Balcony2
,₹3.69 Cr ,3 BHK Flat for Sale in T Nagar Chennai,"Carpet Area1832 sqftStatusReady to MoveFloor1 out of 3TransactionNew PropertyFurnishingUnfurnishedfacingSouthoverlookingGarden/Park, Pool, Main RoadOwnershipFreeholdCar Parking1 CoveredBathroom2Balcony2"
,₹2.85 Cr ,4 BHK Flat for Sale in T Nagar Chennai,Super Area1544 sqftUnder ConstructionPoss. by Dec '26TransactionNew PropertyFurnishingUnfurnishedBathroom4
,₹5.76 Cr ,3 BHK Flat for Sale in Mylapore Chennai,Carpet Area1572 sqftFloor4 out of 12TransactionNew PropertyFurnishingUnfurnishedBathroom3
,₹2.72 Cr ,3 BHK Flat for Sale in Alwarpet Chennai,Carpet Area920 sqftUnder ConstructionPoss. by Jun '27TransactionNew PropertyFurnishingUnfurnishedCar Parking1 CoveredBathroom3Balcony2
,₹3.49 Cr ,3 BHK Flat for Sale in Alwarpet Chennai,Carpet Area1186 sqftUnder ConstructionPoss. by Jun '27TransactionNew PropertyFurnishingUnfurnishedCar Parking1 CoveredBathroom3Balcony3
BRIGADE ICON,₹7 Cr ,3 BHK Flat for Sale in Mount Road Chennai,"Carpet Area1875 sqftUnder ConstructionPoss. by Dec '28Floor3 out of 38TransactionNew PropertyFurnishingUnfurnishedfacingNorthoverlookingGarden/Park, Pool, Main RoadOwnershipFreeholdCar Parking1 Covered,Bathroom3Balcony1"
BRIGADE ICON,₹7 Cr ,3 BHK Flat for Sale in Mount Road Chennai,"Carpet Area1875 sqftUnder ConstructionPoss. by Dec '28Floor3 out of 38TransactionNew PropertyFurnishingUnfurnishedfacingNorthoverlookingGarden/Park, Pool, Main RoadOwnershipFreeholdCar Parking1 Covered,Bathroom3Balcony1"
BRIGADE ICON,₹7 Cr ,3 BHK Flat for Sale in Mount Road Chennai,"Carpet Area1875 sqftUnder ConstructionPoss. by Dec '28Floor3 out of 38TransactionNew PropertyFurnishingUnfurnishedfacingNorthoverlookingGarden/Park, Pool, Main RoadOwnershipFreeholdCar Parking1 Covered,Bathroom3Balcony1"
BRIGADE ICON,₹7 Cr ,3 BHK Flat for Sale in Mount Road Chennai,"Carpet Area1875 sqftUnder ConstructionPoss. by Dec '28Floor3 out of 38TransactionNew PropertyFurnishingUnfurnishedfacingNorthoverlookingGarden/Park, Pool, Main RoadOwnershipFreeholdCar Parking1 Covered,Bathroom3Balcony1"
BRIGADE ICON,₹7 Cr ,3 BHK Flat for Sale in Mount Road Chennai,"Carpet Area1875 sqftUnder ConstructionPoss. by Dec '28Floor3 out of 38TransactionNew PropertyFurnishingUnfurnishedfacingNorthoverlookingGarden/Park, Pool, Main RoadOwnershipFreeholdCar Parking1 Covered,Bathroom3Balcony1"
BRIGADE ICON,₹7 Cr ,3 BHK Flat for Sale in Mount Road Chennai,"Carpet Area1875 sqftUnder ConstructionPoss. by Dec '28Floor3 out of 38TransactionNew PropertyFurnishingUnfurnishedfacingNorthoverlookingGarden/Park, Pool, Main RoadOwnershipFreeholdCar Parking1 Covered,Bathroom3Balcony1"
BRIGADE ICON,₹7 Cr ,3 BHK Flat for Sale in Mount Road Chennai,"Carpet Area1875 sqftUnder ConstructionPoss. by Dec '28Floor3 out of 38TransactionNew PropertyFurnishingUnfurnishedfacingNorthoverlookingGarden/Park, Pool, Main RoadOwnershipFreeholdCar Parking1 Covered,Bathroom3Balcony1"
BRIGADE ICON,₹7 Cr ,3 BHK Flat for Sale in Mount Road Chennai,"Carpet Area1875 sqftUnder ConstructionPoss. by Dec '28Floor3 out of 38TransactionNew PropertyFurnishingUnfurnishedfacingNorthoverlookingGarden/Park, Pool, Main RoadOwnershipFreeholdCar Parking1 Covered,Bathroom3Balcony1"
BRIGADE ICON,₹7 Cr ,3 BHK Flat for Sale in Mount Road Chennai,"Carpet Area1875 sqftUnder ConstructionPoss. by Dec '28Floor3 out of 38TransactionNew PropertyFurnishingUnfurnishedfacingNorthoverlookingGarden/Park, Pool, Main RoadOwnershipFreeholdCar Parking1 Covered,Bathroom3Balcony1"
BRIGADE ICON,₹7 Cr ,3 BHK Flat for Sale in Mount Road Chennai,"Carpet Area1875 sqftUnder ConstructionPoss. by Dec '28Floor3 out of 38TransactionNew PropertyFurnishingUnfurnishedfacingNorthoverlookingGarden/Park, Pool, Main RoadOwnershipFreeholdCar Parking1 Covered,Bathroom3Balcony1"
BRIGADE ICON,₹7 Cr ,3 BHK Flat for Sale in Mount Road Chennai,"Carpet Area1875 sqftUnder ConstructionPoss. by Dec '28Floor3 out of 38TransactionNew PropertyFurnishingUnfurnishedfacingNorthoverlookingGarden/Park, Pool, Main RoadOwnershipFreeholdCar Parking1 Covered,Bathroom3Balcony1"
Chitale  Amara Aneja,₹6.99 Cr ,4 BHK Flat for Sale in N Usman Road Chennai,Carpet Area2413 sqftUnder ConstructionPoss. by Dec '26Floor4 out of 5TransactionNew PropertyFurnishingUnfurnishedfacingNorthoverlookingMain RoadOwnershipFreeholdCar Parking1 CoveredBathroom4
BRIGADE ICON,₹7 Cr ,3 BHK Flat for Sale in Mount Road Chennai,"Carpet Area1875 sqftUnder ConstructionPoss. by Dec '28Floor3 out of 38TransactionNew PropertyFurnishingUnfurnishedfacingNorthoverlookingGarden/Park, Pool, Main RoadOwnershipFreeholdCar Parking1 Covered,Bathroom3Balcony1"
BRIGADE ICON,₹8.67 Cr ,4 BHK Flat for Sale in Mount Road Chennai,"Carpet Area2290 sqftUnder ConstructionPoss. by Dec '30Floor2 out of 38TransactionNew PropertyFurnishingUnfurnishedfacingEastoverlookingGarden/Park, PoolOwnershipFreeholdCar Parking3 CoveredBathroom4Balcony2"
BRIGADE ICON,₹7 Cr ,3 BHK Flat for Sale in Mount Road Chennai,"Carpet Area1875 sqftUnder ConstructionPoss. by Dec '28Floor3 out of 38TransactionNew PropertyFurnishingUnfurnishedfacingNorthoverlookingGarden/Park, Pool, Main RoadOwnershipFreeholdCar Parking1 Covered,Bathroom3Balcony1"
BRIGADE ICON,₹7 Cr ,3 BHK Flat for Sale in Mount Road Chennai,"Carpet Area1875 sqftUnder ConstructionPoss. by Dec '28Floor3 out of 38TransactionNew PropertyFurnishingUnfurnishedfacingNorthoverlookingGarden/Park, Pool, Main RoadOwnershipFreeholdCar Parking1 Covered,Bathroom3Balcony1"
Chitale  Amara Aneja,₹6.99 Cr ,4 BHK Flat for Sale in N Usman Road Chennai,Carpet Area2413 sqftUnder ConstructionPoss. by Dec '26Floor4 out of 5TransactionNew PropertyFurnishingUnfurnishedfacingNorthoverlookingMain RoadOwnershipFreeholdCar Parking1 CoveredBathroom4
Chitale  Amara Aneja,₹6.99 Cr ,4 BHK Flat for Sale in N Usman Road Chennai,Carpet Area2413 sqftUnder ConstructionPoss. by Dec '26Floor4 out of 5TransactionNew PropertyFurnishingUnfurnishedfacingNorthoverlookingMain RoadOwnershipFreeholdCar Parking1 CoveredBathroom4
AR Amara Amethyst,₹10.85 Cr ,4 BHK Flat for Sale in Gopalapuram Chennai,"Carpet Area3262 sqftStatusReady to MoveFloor6 out of 8TransactionNew PropertyFurnishingUnfurnishedfacingNorthOwnershipFreeholdCar Parking1 Covered,Bathroom4Balcony2"
TVS Emerald Luxor,₹4.23 Cr ,4 BHK Apartment for Sale in Anna Nagar Chennai,Super Area2665 sqftUnder ConstructionPoss. by Aug '28TransactionNew PropertyFurnishingUnfurnishedBathroom4Balcony1
EK The Arc,₹6.01 Cr ,4 BHK Apartment for Sale in Anna Nagar Chennai,Super Area2981 sqftTransactionNew PropertyFurnishingUnfurnishedBathroom4Balcony3
TVS Emerald Luxor,₹3.18 Cr ,3 BHK Apartment for Sale in Anna Nagar Chennai,Super Area1999 sqftUnder ConstructionPoss. by Aug '28TransactionNew PropertyFurnishingUnfurnishedBathroom3Balcony2
,₹4.49 Cr ,4 BHK Apartment for Sale in Anna Nagar Chennai,Super Area2608 sqftUnder ConstructionPoss. by Aug '28TransactionNew PropertyFurnishingUnfurnishedBathroom4
,₹2.79 Cr ,2 BHK Apartment for Sale in Anna Nagar Chennai,Carpet Area1389 sqftUnder ConstructionPoss. by Mar '28Floor1 out of 5TransactionNew PropertyFurnishingUnfurnishedfacingSouthOwnershipFreeholdCar Parking1 CoveredBathroom2Balcony2
TVS Emerald Luxor,₹5.01 Cr ,4 BHK Apartment for Sale in Anna Nagar Chennai,"Super Area2601 sqftUnder ConstructionPoss. by Aug '28Floor2 out of 12TransactionNew PropertyFurnishingUnfurnishedfacingEastoverlookingMain RoadOwnershipFreeholdCar Parking1 Covered,Bathroom4Balcony2"
,₹2.75 Cr ,3 BHK Builder Floor for Sale in Anna Nagar Chennai,Super Area1369 sqftUnder ConstructionPoss. by Feb '28Floor5 out of 5TransactionNew PropertyFurnishingUnfurnishedfacingNorthoverlookingMain RoadOwnershipFreeholdCar Parking1 CoveredBathroom3Balcony1
TVS Emerald Luxor,₹2.62 Cr ,2 BHK Apartment for Sale in Anna Nagar Chennai,"Super Area1467 sqftUnder ConstructionPoss. by Aug '27Floor10 out of 20TransactionNew PropertyFurnishingUnfurnishedfacingEastoverlookingGarden/Park, Main RoadOwnershipFreeholdCar Parking1 Covered,Bathroom2Balcony1"
Ankur Palm Springs,₹1.50 Cr ,3 BHK Apartment for Sale in Anna Nagar West Chennai,"Super Area1584 sqftStatusReady to MoveFloor12 out of 16TransactionNew PropertyFurnishingUnfurnishedfacingNorthoverlookingGarden/Park, Pool, Main RoadOwnershipFreeholdCar Parking1 Covered,Bathroom3Balcony2"
Newry Spring Residences,₹2.05 Cr ,3 BHK Apartment for Sale in Anna Nagar Chennai,"Super Area1283 sqftStatusReady to MoveFloor3 out of 10TransactionNew PropertyFurnishingUnfurnishedfacingNorth - EastoverlookingGarden/Park, Pool, Main RoadOwnershipFreeholdCar Parking1 Covered,Bathroom3Balcony1"
Tulive Viha,₹2.68 Cr ,4 BHK Apartment for Sale in Anna Nagar Chennai,"Carpet Area1800 sqftStatusReady to MoveFloor5 out of 5TransactionNew PropertyFurnishingUnfurnishedfacingEastoverlookingMain RoadOwnershipFreeholdCar Parking1 Covered,Bathroom3Balcony3"
Newry Spring Residences,₹1.36 Cr ,2 BHK Apartment for Sale in Anna Nagar Chennai,"Carpet Area255 sqftStatusReady to MoveFloor2 out of 5TransactionNew PropertyFurnishingUnfurnishedfacingNorth - EastoverlookingGarden/Park, Pool, Main RoadOwnershipFreeholdCar Parking1 Covered,Bathroom2Balcony1"
TVS Emerald Luxor,₹7 Cr ,4 BHK Penthouse for Sale in Anna Nagar Chennai,"Super Area3379 sqftUnder ConstructionPoss. by Aug '28Floor16 out of 17TransactionNew PropertyFurnishingUnfurnishedfacingEastoverlookingGarden/Park, Main RoadOwnershipFreeholdCar Parking2 CoveredBathroom5Balcony2"
,₹1.20 Cr ,2 BHK Builder Floor for Sale in Anna Nagar Chennai,Carpet Area945 sqftStatusReady to MoveFloor1 out of 3TransactionNew PropertyFurnishingUnfurnishedfacingEastoverlookingMain RoadOwnershipFreeholdCar Parking1 CoveredBathroom2Balcony1
,₹3 Cr ,3 BHK Apartment for Sale in Anna Nagar Chennai,Carpet Area1300 sqftStatusReady to MoveFloorGround out of 1TransactionResaleFurnishingSemi-FurnishedfacingNorth - WestOwnershipFreeholdCar Parking1 CoveredBathroom3
,₹2.52 Cr ,3 BHK Apartment for Sale in Annanagar East Chennai,Carpet Area997 sqftUnder ConstructionPoss. by Jan '27Floor3 out of 3TransactionNew PropertyFurnishingUnfurnishedfacingEastoverlookingMain RoadOwnershipFreeholdCar Parking1 CoveredBathroom3Balcony2
,₹4.84 Cr ,  Office Space for Sale in Anna Nagar Chennai,Carpet Area2000 sqftStatusReady to MoveFloor2 out of 4TransactionResaleCar Parking2 CoveredBathroom2
,₹2.35 Cr ,4 BHK  House for Sale in Annanagar East Chennai,Super Area1500 sqftStatusReady to MoveTransactionResaleFurnishingUnfurnishedfacingWestOwnershipFreeholdBathroom4Balcony1
,₹3.85 Cr ,4 BHK Apartment for Sale in Anna Nagar Chennai,"Carpet Area1700 sqftStatusReady to MoveFloorGround out of 20TransactionResaleFurnishingFurnishedfacingNorthoverlookingGarden/Park, PoolOwnershipFreeholdCar Parking2 CoveredBathroom4Balcony1"
TVS Emerald Luxor,₹4.29 Cr ,4 BHK Apartment for Sale in Anna Nagar Chennai,"Super Area2601 sqftStatusReady to MoveFloor5 out of 13TransactionNew PropertyFurnishingSemi-FurnishedfacingEastoverlookingGarden/Park, Pool, Main RoadOwnershipFreeholdCar Parking2 CoveredBathroom4Balcony2"
,₹4.24 Cr ,3 BHK Apartment for Sale in Anna Nagar West Chennai,Super Area1808 sqftUnder ConstructionPoss. by Mar '27FloorUpper Basement out of 9TransactionNew PropertyFurnishingUnfurnishedfacingEastoverlookingMain RoadOwnershipFreeholdCar Parking1 CoveredBathroom3Balcony1
,₹2.75 Cr ,3 BHK Apartment for Sale in Anna Nagar Chennai,Carpet Area1029 sqftUnder ConstructionPoss. by Jun '27Floor5 out of 5TransactionNew PropertyFurnishingUnfurnishedfacingNorthoverlookingMain RoadOwnershipFreeholdCar Parking1 CoveredBathroom3Balcony1
TVS Emerald Luxor,₹2.99 Cr ,3 BHK Apartment for Sale in Anna Nagar Chennai,Carpet Area1474 sqftUnder ConstructionPoss. by Aug '26Floor13 out of 17TransactionNew PropertyFurnishingUnfurnishedfacingEastoverlookingMain RoadOwnershipFreeholdCar Parking1 CoveredBathroom2Balcony2
The Metrozone,₹2.75 Cr ,3 BHK Apartment for Sale in Anna Nagar Chennai,"Super Area2062 sqftStatusReady to MoveFloor12 out of 20TransactionResaleFurnishingUnfurnishedfacingEastoverlookingGarden/Park, Pool, Main RoadOwnershipFreeholdCar Parking1 CoveredBathroom3Balcony1"
,₹2.50 Cr ,3 BHK Apartment for Sale in Anna Nagar West Chennai,Super Area1540 sqftStatusReady to MoveFloor7 out of 14TransactionResaleFurnishingSemi-FurnishedfacingSouth - EastoverlookingMain RoadOwnershipFreeholdBathroom3Balcony1
,₹2.65 Cr ,3 BHK Apartment for Sale in Anna Nagar Chennai,Super Area1488 sqftStatusReady to MoveFloor1 out of 3TransactionResaleFurnishingSemi-FurnishedfacingWestoverlookingMain RoadOwnershipFreeholdCar Parking2 CoveredBathroom3Balcony2
Ramaniyam Manasa,₹3.50 Cr ,3 BHK Apartment for Sale in Anna Nagar Chennai,Super Area1700 sqftStatusReady to MoveFloor7 out of 9TransactionResaleFurnishingSemi-FurnishedfacingEastoverlookingMain RoadOwnershipLeaseholdBathroom3Balcony1
Pavani North Star,₹608.31 Cr ,2 BHK Apartment for Sale in Anna Nagar Chennai,"Carpet Area700 sqftStatusReady to MoveFloor5 out of 13TransactionNew PropertyFurnishingSemi-FurnishedfacingEastoverlookingPool, Main RoadOwnershipFreeholdCar Parking1 OpenBathroom2Balcony1"
,₹3.20 Cr ,3 BHK Apartment for Sale in Annanagar East Chennai,Super Area1400 sqftStatusReady to MoveFloor2 out of 5TransactionNew PropertyFurnishingUnfurnishedfacingSouthoverlookingMain RoadOwnershipFreeholdCar Parking1 CoveredBathroom3Balcony2
,₹1.18 Cr ,2 BHK Builder Floor for Sale in Anna Nagar Chennai,Super Area945 sqftStatusReady to MoveFloor1 out of 3TransactionNew PropertyFurnishingUnfurnishedfacingEastoverlookingMain RoadOwnershipFreeholdCar Parking1 CoveredBathroom2Balcony2
,₹13.32 Cr ,  Office Space for Sale in Upperpally Hyderabad,Carpet Area7612 sqftStatusReady to MoveTransactionNew PropertyBathroom1
AVR Evania,₹2.81 Cr ,"3 BHK Apartment for Sale in Kokapet, Outer Ring Road Hyderabad",Super Area3315 sqftUnder ConstructionPoss. by Jan '30TransactionNew PropertyFurnishingUnfurnishedBathroom3Balcony2
Brigade Enclave,₹3 Cr ,4 BHK Apartment for Sale in Fatehnagar Hyderabad,Super Area2632 sqftUnder ConstructionPoss. by Dec '30TransactionNew PropertyFurnishingUnfurnishedBathroom4Balcony2
JBs Serene County II,₹52 Lac ,"  Plot/Land for Sale in Mangalpalle, Outer Ring Road Hyderabad",Plot Area1800 sqftTransactionNew Property
Team4 Aria,₹1.66 Cr ,"3 BHK Apartment for Sale in Miyapur, NH 9 Hyderabad",Super Area2285 sqftUnder ConstructionPoss. by Jan '31TransactionNew PropertyFurnishingUnfurnishedBathroom3Balcony2
Godrej Regal Pavilion,₹1.13 Cr ,2 BHK Apartment for Sale in Rajendranagar Mandal Hyderabad,Super Area1351 sqftUnder ConstructionPoss. by Jul '30TransactionNew PropertyFurnishingUnfurnishedBathroom2Balcony1
Pacifica Hillcrest Phase 2,₹2.30 Cr ,4 BHK Apartment for Sale in Gachibowli Hyderabad,Super Area1699 sqftUnder ConstructionPoss. by Dec '27TransactionNew PropertyFurnishingUnfurnishedBathroom4Balcony2
Urbanrise Sky Habitat,₹1.89 Cr ,"4 BHK Apartment for Sale in Miyapur, NH 9 Hyderabad",Super Area2309 sqftUnder ConstructionPoss. by Dec '26TransactionNew PropertyFurnishingUnfurnishedBathroom3Balcony2
Aspire Spaces Prestige Golden Grove,₹2.19 Cr ,"4 BHK Apartment for Sale in Tellapur, Outer Ring Road Hyderabad",Super Area3013 sqftUnder ConstructionPoss. by Mar '31TransactionNew PropertyFurnishingUnfurnishedBathroom2Balcony1
Altitudes By DSR,₹1.73 Cr ,3 BHK Apartment for Sale in Osman Nagar Hyderabad,Super Area2278 sqftUnder ConstructionPoss. by Oct '29TransactionNew PropertyFurnishingUnfurnishedBathroom3Balcony2
Myscape Songs of the Sun,₹3.47 Cr ,"4 BHK Apartment for Sale in Financial District, Nanakram Guda Hyderabad",Carpet Area2025 sqftUnder ConstructionPoss. by Jul '29TransactionNew PropertyFurnishingUnfurnishedBathroom5Balcony3
Casagrand Evon,₹1.62 Cr ,3 BHK Apartment for Sale in Kompally Hyderabad,Super Area2140 sqftUnder ConstructionPoss. by Jul '28TransactionNew PropertyFurnishingUnfurnishedBathroom3Balcony2
Vajra West City,₹3.21 Cr ,4 BHK Apartment for Sale in Osman Nagar Hyderabad,Super Area4400 sqftUnder ConstructionPoss. by Jun '29TransactionNew PropertyFurnishingUnfurnishedBathroom4Balcony2
,₹85.9 Lac ,3 BHK Apartment for Sale in Suchitra Road Hyderabad,Super Area1702 sqftUnder ConstructionPoss. by Jun '28TransactionNew PropertyFurnishingUnfurnishedBathroom3
Nikhila Royal Pavilion,₹1.69 Cr ,4 BHK Apartment for Sale in Mokila Hyderabad,Super Area2695 sqftUnder ConstructionPoss. by Aug '28TransactionNew PropertyFurnishingUnfurnishedBathroom4Balcony3
Svadha Mackennas,₹1.51 Cr ,"3 BHK Apartment for Sale in Kollur, Outer Ring Road Hyderabad",Super Area2330 sqftUnder ConstructionPoss. by Aug '26TransactionNew PropertyFurnishingUnfurnishedBathroom3Balcony2
Fortune Suraj Bhan Grande,₹4.10 Cr ,"4 BHK Apartment for Sale in Kokapet, Outer Ring Road Hyderabad",Super Area3910 sqftUnder ConstructionPoss. by Aug '30TransactionNew PropertyFurnishingUnfurnishedBathroom4Balcony3
DSR The Classe,₹4.72 Cr ,"4 BHK Apartment for Sale in Narsingi, Outer Ring Road Hyderabad",Super Area3939 sqftTransactionNew PropertyFurnishingUnfurnishedBathroom2Balcony2
The Prestige City,₹90.8 Lac ,2 BHK Apartment for Sale in Rajendranagar Mandal Hyderabad,Super Area1179 sqftUnder ConstructionPoss. by Oct '28TransactionNew PropertyFurnishingUnfurnishedBathroom2Balcony1
Candeur Twins,₹1.60 Cr ,"3 BHK Apartment for Sale in Miyapur, NH 9 Hyderabad",Super Area2032 sqftUnder ConstructionPoss. by Sep '28TransactionNew PropertyFurnishingUnfurnishedBathroom3Balcony2
Skymarq By DSR,₹6.27 Cr ,4 BHK Apartment for Sale in Puppalguda Hyderabad,Super Area5454 sqftTransactionNew PropertyFurnishingUnfurnishedBathroom5Balcony4
Fortune Suraj Bhan Grande,₹4.55 Cr ,"4 BHK Apartment for Sale in Kokapet, Outer Ring Road Hyderabad",Super Area4339 sqftTransactionNew PropertyFurnishingUnfurnishedBathroom3Balcony2
Myscape Songs of the Sun,₹3.05 Cr ,"3 BHK Apartment for Sale in Financial District, Nanakram Guda Hyderabad",Carpet Area1732 sqftUnder ConstructionPoss. by Jul '29TransactionNew PropertyFurnishingUnfurnishedBathroom4Balcony1
Altitudes By DSR,₹1.73 Cr ,3 BHK Apartment for Sale in Osman Nagar Hyderabad,Super Area2277 sqftUnder ConstructionPoss. by Oct '29TransactionNew PropertyFurnishingUnfurnishedBathroom3Balcony2
Rajapushpa Sierra,₹1.83 Cr ,"3 BHK Apartment for Sale in Tellapur, Outer Ring Road Hyderabad",Super Area2555 sqftTransactionNew PropertyFurnishingUnfurnishedBathroom2Balcony2
Regal Bliss Villas,₹1.62 Cr ,"3 BHK Villa for Sale in Muthangi, NH 9 Hyderabad",Super Area2900 sqftUnder ConstructionPoss. by Dec '27TransactionNew PropertyFurnishingUnfurnishedCar Parking1 OpenBathroom3Balcony2
Aparna Dharti,₹3.27 Cr ,"  Plot/Land for Sale in Dundigal, Outer Ring Road Hyderabad",Plot Area7182 sqftTransactionNew Property
AVLs Samskruthi,₹1.54 Cr ,3 BHK Apartment for Sale in Manikonda Jagir Hyderabad,Super Area2210 sqftTransactionNew PropertyFurnishingUnfurnished
Suvarna Srinivasam II,₹66.8 Lac ,  Plot/Land for Sale in Sangareddy Hyderabad,Plot Area2403 sqftUnder ConstructionPoss. by Mar '26TransactionNew Property
Bhuvana  Harmony Woods,₹1.25 Cr ,  Plot/Land for Sale in Thummaloor Hyderabad,Plot Area4500 sqftUnder ConstructionPoss. by Jan '29TransactionNew Property
,₹33.35 Cr ,4 BHK  House for Sale in Jubilee Hills Hyderabad,Super Area8000 sqftStatusReady to MoveTransactionResaleFurnishingSemi-FurnishedfacingEastoverlookingGarden/ParkOwnershipFreeholdDimensions90 XCar Parking4 OpenBathroom6Balcony3
DSR The World At Jubilee Hills,₹12.75 Cr ,5 BHK Apartment for Sale in Jubilee Hills Hyderabad,Carpet Area8499 sqftStatusReady to MoveFloor10 out of 34TransactionNew PropertyFurnishingUnfurnishedfacingEastoverlookingGarden/ParkOwnershipFreeholdBathroom6
,₹2.25 Cr ,3 BHK Apartment for Sale in Jubilee Hills Hyderabad,Super Area2000 sqftStatusReady to MoveFloor1 out of 4TransactionResaleFurnishingSemi-FurnishedfacingEastoverlookingGarden/ParkOwnershipFreeholdCar Parking1 CoveredBathroom3Balcony2
,₹54 Cr ,  Plot/Land for Sale in Jubilee Hills Hyderabad,Plot Area13050 sqftOwnershipFreeholdTransactionResalefloors allowed for construction4Open Sides1Width of road facing the plot50 mBoundaryNo
,₹64 Cr ,  Plot/Land for Sale in Jubilee Hills Hyderabad,"Plot Area18000 sqftDimensions (L X B)570 X 31.6OwnershipFreeholdTransactionResalefloors allowed for construction3Open Sides1Width of road facing the plot25 moverlookingGarden/Park, Main RoadBoundaryYes"
,₹55 Cr ,6 BHK  House for Sale in Jubilee Hills Hyderabad,"Carpet Area8500 sqftStatusReady to MoveFloor1 out of 3TransactionResaleFurnishingUnfurnishedfacingNorthoverlookingGarden/Park, Pool, Main RoadOwnershipFreeholdDimensions75 XCar Parking2 Covered,Bathroom6Balcony7"
,₹8.50 Cr ,4 BHK Apartment for Sale in Jubilee Hills Hyderabad,Super Area4715 sqftStatusReady to MoveFloor2 out of 7TransactionResaleFurnishingSemi-FurnishedfacingNorthoverlookingMain RoadOwnershipFreeholdCar Parking3 CoveredBathroom4Balcony3
Phoneix Halcyon,₹8.75 Cr ,4 BHK Apartment for Sale in CBI Colony Jubilee Hills Hyderabad,"Carpet Area6358 sqftStatusReady to MoveFloor7 out of 8TransactionNew PropertyFurnishingUnfurnishedfacingNorthoverlookingGarden/ParkOwnershipFreeholdCar Parking3 Covered,Bathroom5Balcony3"
,₹18 Cr ,6 BHK Villa for Sale in Jubilee Hills Hyderabad,Carpet Area7000 sqftStatusReady to MoveTransactionNew PropertyFurnishingFurnishedfacingEastoverlookingMain RoadBathroom6Balcony3
,₹1.69 Cr ,3 BHK Apartment for Sale in Jubilee Hills Hyderabad,Carpet Area1529 sqftStatusReady to MoveFloor4 out of 5TransactionResaleFurnishingSemi-FurnishedfacingWestoverlookingMain RoadOwnershipFreeholdCar Parking1 CoveredBathroom5Balcony3
,₹47 Cr ,5 BHK Villa for Sale in Jubilee Hills Hyderabad,"Carpet Area6300 sqftStatusReady to MoveTransactionResaleFurnishingSemi-FurnishedfacingSouthoverlookingMain RoadOwnershipFreeholdDimensions240 XCar Parking3 Covered,Bathroom6Balcony3"
,₹95 Lac ,3 BHK Apartment for Sale in Jubilee Hills Hyderabad,Carpet Area1400 sqftStatusReady to MoveFloor1 out of 5TransactionResaleFurnishingSemi-FurnishedfacingNorth - EastoverlookingMain RoadOwnershipFreeholdCar Parking1 CoveredBathroom3Balcony1
Sai Vaibhavi Valero,₹5.40 Cr ,"4 BHK Apartment for Sale in Gayatri Hills, Jubilee Hills Hyderabad",Carpet Area3800 sqftStatusReady to MoveFloorGround out of 5TransactionResaleFurnishingSemi-FurnishedfacingWestoverlookingGarden/ParkOwnershipFreeholdCar Parking2 CoveredBathroom5Balcony2
,₹16.89 Cr ,4 BHK Villa for Sale in Journalist Colony Jubilee Hills Hyderabad,"Carpet Area5219 sqftStatusReady to MoveTransactionResaleFurnishingSemi-FurnishedfacingSouth - EastoverlookingGarden/Park, Main RoadOwnershipFreeholdDimensions60 X 113.33 ft SqftCar Parking3 Covered,Bathroom5Balcony4"
,₹12 Cr ,4 BHK Apartment for Sale in Jubilee Hills Hyderabad,Carpet Area6500 sqftUnder ConstructionPoss. by Mar '28Floor16 out of 22TransactionNew PropertyFurnishingUnfurnishedfacingEastoverlookingMain RoadOwnershipFreeholdCar Parking3 CoveredBathroom4Balcony2
Phoenix Everest,₹8.50 Cr ,4 BHK Apartment for Sale in Jubilee Hills Hyderabad,"Carpet Area5358 sqftStatusReady to MoveFloor7 out of 8TransactionResaleFurnishingSemi-FurnishedfacingNorthoverlookingGarden/Park, Pool, Main RoadOwnershipFreeholdCar Parking3 Covered,Bathroom5Balcony3"
Pavani Homes,₹3 Cr ,3 BHK Apartment for Sale in Jubilee Hills Hyderabad,Carpet Area2212 sqftStatusReady to MoveFloorUpper Basement out of 5TransactionResaleFurnishingSemi-FurnishedfacingEastOwnershipFreeholdBathroom3Balcony1
,₹5 Cr ,3 BHK Villa for Sale in Jubilee Hills Hyderabad,"Carpet Area2999 sqftStatusReady to MoveTransactionResaleFurnishingUnfurnishedfacingSouthoverlookingMain RoadOwnershipFreeholdDimensions108 XCar Parking1 Covered,Bathroom3Balcony2"
Nandagiri Hills,₹12 Cr ,4 BHK Villa for Sale in Jubilee Hills Hyderabad,"Carpet Area4000 sqftStatusReady to MoveTransactionResaleFurnishingSemi-FurnishedfacingSouthoverlookingPool, Garden/Park, Main RoadOwnershipFreeholdBathroom5Balcony3"
,₹28 Cr ,  Showroom for Sale in Jubilee Hills Hyderabad,Carpet Area6388 sqftStatusReady to MoveFloorGround out of 5TransactionNew Property
,₹4.20 Cr ,  Office Space for Sale in Jubilee Hills Hyderabad,Carpet Area2500 sqftStatusReady to MoveFloor5 out of 5TransactionResaleCar Parking2 CoveredBathroom1
,₹1.85 Cr ,3 BHK Apartment for Sale in Jubilee Hills Hyderabad,"Carpet Area2050 sqftStatusReady to MoveFloor2 out of 4TransactionNew PropertyFurnishingUnfurnishedfacingEastoverlookingGarden/Park, Main RoadOwnershipFreeholdBathroom3Balcony3"
,₹18.47 Cr ,4 BHK  House for Sale in Jubilee Hills Hyderabad,Carpet Area5500 sqftStatusReady to MoveFloor1 out of 3TransactionResaleFurnishingFurnishedfacingWestOwnershipFreeholdBathroom4Balcony3
,₹15 Cr ,  Plot/Land for Sale in Prashasan Nagar Hyderabad,Plot Area4500 sqftDimensions (L X B)300 X 15OwnershipFreeholdTransactionResaleOpen Sides1Width of road facing the plot9 moverlookingMain RoadBoundaryYes
,₹22.50 Cr ,5 BHK  House for Sale in Jubilee Hills Hyderabad,"Super Area10,000 sqftStatusReady to MoveTransactionResaleFurnishingUnfurnishedfacingNorthoverlookingGarden/Park, PoolOwnershipFreeholdBathroom5Balcony3"
Jubilee Hills Complex,₹58 Cr ,6 BHK  House for Sale in Jubilee Hills Hyderabad,"Carpet Area15000 sqftStatusReady to MoveTransactionResaleFurnishingSemi-FurnishedfacingSouth - EastoverlookingMain Road, Pool, Garden/ParkOwnershipFreeholdBathroom5Balcony3"
Sai Vaibhavi Valero,₹5 Cr ,4 BHK Apartment for Sale in Jubilee Hills Hyderabad,"Super Area3826 sqftStatusReady to MoveFloorGround out of 6TransactionNew PropertyFurnishingSemi-FurnishedfacingWestoverlookingGarden/Park, Main RoadOwnershipFreeholdBathroom5Balcony2"
Aparna Aura,₹3 Cr ,3 BHK Apartment for Sale in Jubilee Hills Hyderabad,Super Area2384 sqftStatusReady to MoveFloor18 out of 20TransactionResaleFurnishingSemi-FurnishedBathroom3
Western Plaza,₹1.11 Cr ,2 BHK Apartment for Sale in Jubilee Hills Hyderabad,Super Area1715 sqftStatusReady to MoveFloor8 out of 8TransactionResaleFurnishingFurnishedBathroom2
Aditya Hill Crest,₹4 Cr ,"3 BHK Apartment for Sale in Nandagiri Hills, Jubilee Hills Hyderabad",Super Area3900 sqftStatusReady to MoveFloor1 out of 4TransactionResaleFurnishingSemi-FurnishedBathroom3
,₹2.32 Cr ,"  Office Space for Sale in Banjara Hills, NH 9 Hyderabad",Carpet Area1890 sqftStatusReady to MoveFloor3 out of 3TransactionResaleCar Parking3 CoveredBathroom2
,₹18.50 Cr ,"5 BHK  House for Sale in Banjara Hills, NH 9 Hyderabad","Super Area14,000 sqftStatusReady to MoveTransactionResaleFurnishingFurnishedfacingNorth - EastoverlookingMain RoadOwnershipFreeholdDimensions19 X 21.05 ft SqftCar Parking3 CoveredBathroom5Balcony2"
The Valencia,₹3.88 Cr ,3 BHK Apartment for Sale in Ahmed Nagar Banjara Hills Hyderabad,"Carpet Area2019 sqftStatusReady to MoveFloor7 out of 11TransactionNew PropertyFurnishingUnfurnishedfacingEastoverlookingGarden/Park, PoolOwnershipFreeholdCar Parking1 Covered,Bathroom3Balcony2"
,₹10 Cr ,"8 BHK  House for Sale in Banjara Hills, NH 9 Hyderabad","Carpet Area5500 sqftStatusReady to MoveFloorGround out of 3TransactionResaleFurnishingFurnishedfacingNorth - EastoverlookingGarden/Park, Main RoadOwnershipFreeholdCar Parking1 Covered,Bathroom8Balcony2"
Namo Shivams Elite,₹2.52 Cr ,3 BHK Apartment for Sale in Venkata Ramana Colony Banjara Hills Hyderabad,"Carpet Area1500 sqftStatusReady to MoveFloor2 out of 5TransactionNew PropertyFurnishingUnfurnishedfacingEastoverlookingGarden/Park, Main RoadOwnershipFreeholdCar Parking1 Covered,Bathroom3Balcony2"
,₹1.70 Cr ,3 BHK Apartment for Sale in Resham Bagh Banjara Hills Hyderabad,Super Area2000 sqftStatusReady to MoveFloor1 out of 2TransactionResaleFurnishingSemi-FurnishedfacingNorthoverlookingMain RoadOwnershipFreeholdCar Parking2 CoveredBathroom3Balcony1
Banjara Hills 1,₹99 Lac ,"3 BHK Apartment for Sale in Banjara Hills, NH 9 Hyderabad",Carpet Area1700 sqftStatusReady to MoveFloor2 out of 5TransactionResaleFurnishingUnfurnishedfacingEastoverlookingGarden/ParkOwnershipFreeholdBathroom3Balcony1
,₹7.90 Cr ,  Plot/Land for Sale in Ahmed Nagar Banjara Hills Hyderabad,Plot Area3960 sqftOwnershipFreeholdTransactionNew Property
Lakshmi Kohinoor Residency,₹3.36 Cr ,"4 BHK Apartment for Sale in Banjara Hills, NH 9 Hyderabad","Carpet Area2700 sqftStatusReady to MoveFloor1 out of 6TransactionResaleFurnishingSemi-FurnishedfacingNorth - EastoverlookingMain RoadOwnershipFreeholdCar Parking1 Covered,Bathroom5Balcony1"
The Down Town Apartments,₹2.42 Cr ,"3 BHK Apartment for Sale in Banjara Hills, NH 9 Hyderabad",Carpet Area1920 sqftStatusReady to MoveFloor3 out of 6TransactionResaleFurnishingSemi-FurnishedfacingSouthOwnershipFreeholdCar Parking2 CoveredBathroom3Balcony3
,₹20 Cr ,"7 BHK  House for Sale in Banjara Hills, NH 9 Hyderabad","Carpet Area11900 sqftStatusReady to MoveTransactionResaleFurnishingFurnishedfacingNorth - EastoverlookingGarden/Park, Main RoadOwnershipFreeholdCar Parking4 Covered,Bathroom9Balcony3"
Vishnus Blue Lotus,₹3.49 Cr ,"4 BHK Apartment for Sale in Banjara Hills, NH 9 Hyderabad",Super Area3250 sqftStatusReady to MoveFloor1 out of 2TransactionResaleFurnishingSemi-FurnishedfacingEastoverlookingGarden/ParkOwnershipFreeholdBathroom4Balcony2
Kanthi Avenue,₹1.40 Cr ,"3 BHK Apartment for Sale in Banjara Hills, NH 9 Hyderabad",Carpet Area1400 sqftStatusReady to MoveFloor3 out of 4TransactionResaleFurnishingSemi-FurnishedfacingEastoverlookingMain RoadOwnershipFreeholdBathroom2Balcony1
,₹15 Cr ,"  Office Space for Sale in Banjara Hills, NH 9 Hyderabad",Carpet Area7500 sqftStatusReady to MoveFloorGround out of 5TransactionResaleBathroom8
Sri Aditya Lifestyle,₹10 Cr ,"4 BHK Builder Floor for Sale in Banjara Hills, NH 9 Hyderabad","Carpet Area5330 sqftStatusReady to MoveFloor1 out of 5TransactionResaleFurnishingSemi-FurnishedfacingEastoverlookingGarden/Park, Main RoadOwnershipFreeholdCar Parking2 CoveredBathroom5Balcony4"
,₹6.50 Cr ,"4 BHK Apartment for Sale in Banjara Hills, NH 9 Hyderabad",Carpet Area4270 sqftStatusReady to MoveFloor1 out of 5TransactionResaleFurnishingSemi-FurnishedfacingEastoverlookingMain RoadOwnershipFreeholdCar Parking2 CoveredBathroom3Balcony4
Trendset Sumanjali,₹8 Cr ,"4 BHK Apartment for Sale in Banjara Hills, NH 9 Hyderabad","Super Area3765 sqftStatusReady to MoveFloor4 out of 5TransactionNew PropertyFurnishingFurnishedfacingEastoverlookingGarden/Park, Pool, Main RoadBathroom5Balcony3"
,₹7.50 Cr ,"4 BHK Apartment for Sale in Banjara Hills, NH 9 Hyderabad",Super Area4200 sqftStatusReady to MoveFloor5 out of 5TransactionResaleFurnishingSemi-FurnishedfacingWestoverlookingMain RoadOwnershipFreeholdCar Parking2 CoveredBathroom4Balcony3
,₹15.61 Cr ,"4 BHK  House for Sale in Banjara Hills, NH 9 Hyderabad",Carpet Area693 sqftStatusReady to MoveTransactionResaleFurnishingSemi-FurnishedfacingEastoverlookingGarden/ParkOwnershipFreeholdDimensions60 X 11.57 ft SqftCar Parking2 CoveredBathroom4Balcony2
,₹4.81 Cr ,"4 BHK Apartment for Sale in Banjara Hills, NH 9 Hyderabad",Super Area3570 sqftUnder ConstructionPoss. by Dec '26Floor3 out of 5TransactionNew PropertyFurnishingUnfurnishedfacingEastoverlookingMain RoadOwnershipFreeholdCar Parking2 CoveredBathroom4Balcony2
Ashoka Asha Abode,₹2.75 Cr ,"  Office Space for Sale in Banjara Hills, NH 9 Hyderabad",Carpet Area2300 sqftStatusReady to MoveFloor3 out of 4TransactionResaleBathroom2
Swarna Heavens,₹2.10 Cr ,"3 BHK Apartment for Sale in Banjara Hills, NH 9 Hyderabad",Super Area2400 sqftStatusReady to MoveFloor2 out of 4TransactionResaleFurnishingSemi-FurnishedfacingWestOwnershipFreeholdCar Parking1 CoveredBathroom3
Shanta Sriram Dukes Galaxy,₹3 Cr ,"3 BHK Apartment for Sale in Banjara Hills, NH 9 Hyderabad","Carpet Area1700 sqftStatusReady to MoveFloor2 out of 2TransactionNew PropertyFurnishingUnfurnishedfacingWestoverlookingGarden/Park, Pool, Main RoadOwnershipFreeholdCar Parking1 Covered,Bathroom3Balcony2"
,₹6.10 Cr ,> 10 BHK  House for Sale in MLA Colony Banjara Hills Hyderabad,"Carpet Area9000 sqftStatusReady to MoveTransactionResaleFurnishingSemi-FurnishedfacingNorthoverlookingMain RoadOwnershipFreeholdDimensions50 X 45 ft SqftCar Parking2 Covered,Bathroom> 10Balcony> 10"
,₹3.80 Cr ,3 BHK  House for Sale in MLA Colony Banjara Hills Hyderabad,Super Area2400 sqftStatusReady to MoveTransactionResaleFurnishingSemi-FurnishedBathroom4Balcony1
,₹4.36 Cr ,"4 BHK Apartment for Sale in Banjara Hills, NH 9 Hyderabad","Carpet Area3600 sqftStatusReady to MoveFloor1 out of 7TransactionResaleFurnishingSemi-FurnishedfacingWestoverlookingMain RoadOwnershipFreeholdCar Parking1 Covered,Bathroom4Balcony2"
,₹7.67 Cr ,"4 BHK Apartment for Sale in Banjara Hills, NH 9 Hyderabad",Carpet Area5500 sqftStatusReady to MoveFloor3 out of 4TransactionResaleFurnishingFurnishedfacingEastOwnershipFreeholdBathroom4Balcony3
Banjara Hills 1,₹2.15 Cr ,"3 BHK Apartment for Sale in Banjara Hills, NH 9 Hyderabad",Super Area1910 sqftStatusReady to MoveFloor3 out of 5TransactionResaleFurnishingSemi-FurnishedfacingWestoverlookingMain RoadOwnershipFreeholdBathroom3Balcony3
,₹4.75 Cr ,"4 BHK Apartment for Sale in Banjara Hills, NH 9 Hyderabad",Super Area4200 sqftStatusReady to MoveFloor4 out of 5TransactionResaleFurnishingSemi-FurnishedfacingNorthoverlookingMain RoadOwnershipFreeholdCar Parking2 CoveredBathroom4Balcony2
Fortunr Icon,₹4.30 Cr ,"3 BHK Apartment for Sale in Banjara Hills, NH 9 Hyderabad",Super Area3005 sqftStatusReady to MoveFloor1 out of 3TransactionResaleFurnishingSemi-FurnishedfacingNorth - EastoverlookingGarden/ParkOwnershipFreeholdBathroom4Balcony3
,₹2.32 Cr ,"  Office Space for Sale in Banjara Hills, NH 9 Hyderabad",Carpet Area1890 sqftStatusReady to MoveFloor3 out of 3TransactionResaleCar Parking3 CoveredBathroom2
,₹18.50 Cr ,"5 BHK  House for Sale in Banjara Hills, NH 9 Hyderabad","Super Area14,000 sqftStatusReady to MoveTransactionResaleFurnishingFurnishedfacingNorth - EastoverlookingMain RoadOwnershipFreeholdDimensions19 X 21.05 ft SqftCar Parking3 CoveredBathroom5Balcony2"
The Valencia,₹3.88 Cr ,3 BHK Apartment for Sale in Ahmed Nagar Banjara Hills Hyderabad,"Carpet Area2019 sqftStatusReady to MoveFloor7 out of 11TransactionNew PropertyFurnishingUnfurnishedfacingEastoverlookingGarden/Park, PoolOwnershipFreeholdCar Parking1 Covered,Bathroom3Balcony2"
,₹10 Cr ,"8 BHK  House for Sale in Banjara Hills, NH 9 Hyderabad","Carpet Area5500 sqftStatusReady to MoveFloorGround out of 3TransactionResaleFurnishingFurnishedfacingNorth - EastoverlookingGarden/Park, Main RoadOwnershipFreeholdCar Parking1 Covered,Bathroom8Balcony2"
Namo Shivams Elite,₹2.52 Cr ,3 BHK Apartment for Sale in Venkata Ramana Colony Banjara Hills Hyderabad,"Carpet Area1500 sqftStatusReady to MoveFloor2 out of 5TransactionNew PropertyFurnishingUnfurnishedfacingEastoverlookingGarden/Park, Main RoadOwnershipFreeholdCar Parking1 Covered,Bathroom3Balcony2"
,₹1.70 Cr ,3 BHK Apartment for Sale in Resham Bagh Banjara Hills Hyderabad,Super Area2000 sqftStatusReady to MoveFloor1 out of 2TransactionResaleFurnishingSemi-FurnishedfacingNorthoverlookingMain RoadOwnershipFreeholdCar Parking2 CoveredBathroom3Balcony1
Banjara Hills 1,₹99 Lac ,"3 BHK Apartment for Sale in Banjara Hills, NH 9 Hyderabad",Carpet Area1700 sqftStatusReady to MoveFloor2 out of 5TransactionResaleFurnishingUnfurnishedfacingEastoverlookingGarden/ParkOwnershipFreeholdBathroom3Balcony1
,₹7.90 Cr ,  Plot/Land for Sale in Ahmed Nagar Banjara Hills Hyderabad,Plot Area3960 sqftOwnershipFreeholdTransactionNew Property
Lakshmi Kohinoor Residency,₹3.36 Cr ,"4 BHK Apartment for Sale in Banjara Hills, NH 9 Hyderabad","Carpet Area2700 sqftStatusReady to MoveFloor1 out of 6TransactionResaleFurnishingSemi-FurnishedfacingNorth - EastoverlookingMain RoadOwnershipFreeholdCar Parking1 Covered,Bathroom5Balcony1"
The Down Town Apartments,₹2.42 Cr ,"3 BHK Apartment for Sale in Banjara Hills, NH 9 Hyderabad",Carpet Area1920 sqftStatusReady to MoveFloor3 out of 6TransactionResaleFurnishingSemi-FurnishedfacingSouthOwnershipFreeholdCar Parking2 CoveredBathroom3Balcony3
,₹20 Cr ,"7 BHK  House for Sale in Banjara Hills, NH 9 Hyderabad","Carpet Area11900 sqftStatusReady to MoveTransactionResaleFurnishingFurnishedfacingNorth - EastoverlookingGarden/Park, Main RoadOwnershipFreeholdCar Parking4 Covered,Bathroom9Balcony3"
Vishnus Blue Lotus,₹3.49 Cr ,"4 BHK Apartment for Sale in Banjara Hills, NH 9 Hyderabad",Super Area3250 sqftStatusReady to MoveFloor1 out of 2TransactionResaleFurnishingSemi-FurnishedfacingEastoverlookingGarden/ParkOwnershipFreeholdBathroom4Balcony2
Kanthi Avenue,₹1.40 Cr ,"3 BHK Apartment for Sale in Banjara Hills, NH 9 Hyderabad",Carpet Area1400 sqftStatusReady to MoveFloor3 out of 4TransactionResaleFurnishingSemi-FurnishedfacingEastoverlookingMain RoadOwnershipFreeholdBathroom2Balcony1
,₹15 Cr ,"  Office Space for Sale in Banjara Hills, NH 9 Hyderabad",Carpet Area7500 sqftStatusReady to MoveFloorGround out of 5TransactionResaleBathroom8
Sri Aditya Lifestyle,₹10 Cr ,"4 BHK Builder Floor for Sale in Banjara Hills, NH 9 Hyderabad","Carpet Area5330 sqftStatusReady to MoveFloor1 out of 5TransactionResaleFurnishingSemi-FurnishedfacingEastoverlookingGarden/Park, Main RoadOwnershipFreeholdCar Parking2 CoveredBathroom5Balcony4"
,₹6.50 Cr ,"4 BHK Apartment for Sale in Banjara Hills, NH 9 Hyderabad",Carpet Area4270 sqftStatusReady to MoveFloor1 out of 5TransactionResaleFurnishingSemi-FurnishedfacingEastoverlookingMain RoadOwnershipFreeholdCar Parking2 CoveredBathroom3Balcony4
Trendset Sumanjali,₹8 Cr ,"4 BHK Apartment for Sale in Banjara Hills, NH 9 Hyderabad","Super Area3765 sqftStatusReady to MoveFloor4 out of 5TransactionNew PropertyFurnishingFurnishedfacingEastoverlookingGarden/Park, Pool, Main RoadBathroom5Balcony3"
,₹7.50 Cr ,"4 BHK Apartment for Sale in Banjara Hills, NH 9 Hyderabad",Super Area4200 sqftStatusReady to MoveFloor5 out of 5TransactionResaleFurnishingSemi-FurnishedfacingWestoverlookingMain RoadOwnershipFreeholdCar Parking2 CoveredBathroom4Balcony3
,₹15.61 Cr ,"4 BHK  House for Sale in Banjara Hills, NH 9 Hyderabad",Carpet Area693 sqftStatusReady to MoveTransactionResaleFurnishingSemi-FurnishedfacingEastoverlookingGarden/ParkOwnershipFreeholdDimensions60 X 11.57 ft SqftCar Parking2 CoveredBathroom4Balcony2
,₹4.81 Cr ,"4 BHK Apartment for Sale in Banjara Hills, NH 9 Hyderabad",Super Area3570 sqftUnder ConstructionPoss. by Dec '26Floor3 out of 5TransactionNew PropertyFurnishingUnfurnishedfacingEastoverlookingMain RoadOwnershipFreeholdCar Parking2 CoveredBathroom4Balcony2
Ashoka Asha Abode,₹2.75 Cr ,"  Office Space for Sale in Banjara Hills, NH 9 Hyderabad",Carpet Area2300 sqftStatusReady to MoveFloor3 out of 4TransactionResaleBathroom2
Swarna Heavens,₹2.10 Cr ,"3 BHK Apartment for Sale in Banjara Hills, NH 9 Hyderabad",Super Area2400 sqftStatusReady to MoveFloor2 out of 4TransactionResaleFurnishingSemi-FurnishedfacingWestOwnershipFreeholdCar Parking1 CoveredBathroom3
Shanta Sriram Dukes Galaxy,₹3 Cr ,"3 BHK Apartment for Sale in Banjara Hills, NH 9 Hyderabad","Carpet Area1700 sqftStatusReady to MoveFloor2 out of 2TransactionNew PropertyFurnishingUnfurnishedfacingWestoverlookingGarden/Park, Pool, Main RoadOwnershipFreeholdCar Parking1 Covered,Bathroom3Balcony2"
,₹6.10 Cr ,> 10 BHK  House for Sale in MLA Colony Banjara Hills Hyderabad,"Carpet Area9000 sqftStatusReady to MoveTransactionResaleFurnishingSemi-FurnishedfacingNorthoverlookingMain RoadOwnershipFreeholdDimensions50 X 45 ft SqftCar Parking2 Covered,Bathroom> 10Balcony> 10"
,₹3.80 Cr ,3 BHK  House for Sale in MLA Colony Banjara Hills Hyderabad,Super Area2400 sqftStatusReady to MoveTransactionResaleFurnishingSemi-FurnishedBathroom4Balcony1
,₹4.36 Cr ,"4 BHK Apartment for Sale in Banjara Hills, NH 9 Hyderabad","Carpet Area3600 sqftStatusReady to MoveFloor1 out of 7TransactionResaleFurnishingSemi-FurnishedfacingWestoverlookingMain RoadOwnershipFreeholdCar Parking1 Covered,Bathroom4Balcony2"
,₹7.67 Cr ,"4 BHK Apartment for Sale in Banjara Hills, NH 9 Hyderabad",Carpet Area5500 sqftStatusReady to MoveFloor3 out of 4TransactionResaleFurnishingFurnishedfacingEastOwnershipFreeholdBathroom4Balcony3
Banjara Hills 1,₹2.15 Cr ,"3 BHK Apartment for Sale in Banjara Hills, NH 9 Hyderabad",Super Area1910 sqftStatusReady to MoveFloor3 out of 5TransactionResaleFurnishingSemi-FurnishedfacingWestoverlookingMain RoadOwnershipFreeholdBathroom3Balcony3
,₹4.75 Cr ,"4 BHK Apartment for Sale in Banjara Hills, NH 9 Hyderabad",Super Area4200 sqftStatusReady to MoveFloor4 out of 5TransactionResaleFurnishingSemi-FurnishedfacingNorthoverlookingMain RoadOwnershipFreeholdCar Parking2 CoveredBathroom4Balcony2
Fortunr Icon,₹4.30 Cr ,"3 BHK Apartment for Sale in Banjara Hills, NH 9 Hyderabad",Super Area3005 sqftStatusReady to MoveFloor1 out of 3TransactionResaleFurnishingSemi-FurnishedfacingNorth - EastoverlookingGarden/ParkOwnershipFreeholdBathroom4Balcony3
,₹16.80 Cr ,  Office Space for Sale in Kondapur Hyderabad,Carpet Area9600 sqftStatusReady to MoveTransactionNew PropertyBathroom1
Pacifica Hillcrest Phase 2,₹2.30 Cr ,4 BHK Apartment for Sale in Gachibowli Hyderabad,Super Area1699 sqftUnder ConstructionPoss. by Dec '27TransactionNew PropertyFurnishingUnfurnishedBathroom4Balcony2
Krishnas Arena,₹2.77 Cr ,4 BHK Apartment for Sale in Kondapur Hyderabad,Carpet Area1564 sqftUnder ConstructionPoss. by Dec '29TransactionNew PropertyFurnishingUnfurnishedBathroom4Balcony3
Namishree Vrindavan,₹1.36 Cr ,3 BHK Apartment for Sale in Kondapur Hyderabad,Super Area1710 sqftUnder ConstructionPoss. by Aug '29TransactionNew PropertyFurnishingUnfurnishedBathroom2Balcony1
,₹2.69 Cr ,4 BHK Apartment for Sale in Kondapur Hyderabad,Super Area3375 sqftUnder ConstructionPoss. by Aug '29TransactionNew PropertyFurnishingUnfurnishedCar Parking1 CoveredBathroom4
Candeur Lakescape,₹1.77 Cr ,3 BHK Apartment for Sale in Kondapur Hyderabad,"Carpet Area2029 sqftUnder ConstructionPoss. by Mar '27Floor44 out of 47TransactionNew PropertyFurnishingUnfurnishedfacingEastoverlookingGarden/Park, Main RoadOwnershipFreeholdCar Parking1 CoveredBathroom3Balcony3"
,₹79.75 Cr ,  Office Space for Sale in Gachibowli Hyderabad,Carpet Area40000 sqftStatusReady to MoveFloor8 out of 19TransactionResaleBathroom10
Aparna Serene Park,₹2.18 Cr ,3 BHK Apartment for Sale in Kondapur Hyderabad,Carpet Area1615 sqftStatusReady to MoveFloor4 out of 19TransactionResaleFurnishingSemi-FurnishedfacingEastoverlookingMain RoadBathroom3Balcony1
Sumadhura Acropolis,₹1.60 Cr ,2 BHK Apartment for Sale in Anand Nagar Colony Kondapur Hyderabad,Super Area1245 sqftStatusReady to MoveFloor28 out of 31TransactionResaleFurnishingSemi-FurnishedfacingNorthoverlookingGarden/ParkOwnershipFreeholdCar Parking1 CoveredBathroom2Balcony1
NJR Sreenivasam,₹2.16 Cr ,"3 BHK Apartment for Sale in JV Hills, Kondapur Hyderabad",Carpet Area1787 sqftUnder ConstructionPoss. by Apr '27Floor13 out of 17TransactionNew PropertyFurnishingUnfurnishedfacingEastoverlookingMain RoadOwnershipFreeholdCar Parking2 OpenBathroom3Balcony3
,₹4.25 Cr ,  Office Space for Sale in Gachibowli Hyderabad,Carpet Area1750 sqftStatusReady to MoveFloor2 out of 4TransactionNew PropertyCar Parking2 CoveredBathroom1
BSCPL Bollineni Bion,₹4.69 Cr ,4 BHK Apartment for Sale in Hanuman Nagar Kothaguda Hyderabad,Carpet Area2374 sqftStatusReady to MoveFloor2 out of 15TransactionResaleFurnishingSemi-FurnishedfacingWestoverlookingGarden/ParkOwnershipFreeholdCar Parking3 CoveredBathroom4Balcony2
Vessella Woods,₹8.11 Cr ,4 BHK Villa for Sale in Kondapur Hyderabad,Carpet Area4146 sqftStatusReady to MoveTransactionNew PropertyFurnishingUnfurnishedfacingWestoverlookingGarden/ParkOwnershipFreeholdDimensions65.5 X 63.3 ft SqftCar Parking2 CoveredBathroom4Balcony2
Vasavi GP Trend,₹2.08 Cr ,3 BHK Apartment for Sale in Gachibowli Hyderabad,Super Area1845 sqftStatusReady to MoveFloor18 out of 24TransactionResaleFurnishingUnfurnishedfacingEastoverlookingMain RoadOwnershipFreeholdBathroom2Balcony3
Technopolis Solitaire Unity,₹2.01 Cr ,4 BHK Apartment for Sale in Kondapur Hyderabad,"Super Area2300 sqftUnder ConstructionPoss. by Jun '27Floor3 out of 18TransactionNew PropertyFurnishingUnfurnishedfacingNorthoverlookingGarden/Park, Pool, Main RoadOwnershipFreeholdCar Parking1 Covered,Bathroom4Balcony3"
Hallmark Altus,₹1.99 Cr ,3 BHK Apartment for Sale in Kondapur Hyderabad,"Carpet Area1700 sqftUnder ConstructionPoss. by Mar '29FloorUpper Basement out of 44TransactionNew PropertyFurnishingUnfurnishedfacingEastoverlookingGarden/ParkOwnershipFreeholdCar Parking1 Covered,Bathroom3Balcony2"
,₹1.25 Cr ,3 BHK Apartment for Sale in Kondapur Hyderabad,"Super Area2191 sqftUnder ConstructionPoss. by Sep '27Floor5 out of 39TransactionNew PropertyFurnishingUnfurnishedfacingEastoverlookingGarden/Park, Pool, Main RoadOwnershipFreeholdCar Parking2 CoveredBathroom3Balcony2"
Niharika Skyline ,₹1.80 Cr ,"3 BHK Apartment for Sale in Chhota Anjaiah Nagar, Gachibowli, Outer Ring Road Hyderabad","Carpet Area1000 sqftStatusReady to MoveFloor3 out of 14TransactionNew PropertyFurnishingUnfurnishedfacingEastoverlookingGarden/Park, Pool, Main RoadOwnershipFreeholdCar Parking1 Covered,Bathroom3Balcony2"
Aparna Luxor Park,₹1.44 Cr ,3 BHK Apartment for Sale in Kondapur Hyderabad,"Carpet Area1950 sqftUnder ConstructionPoss. by Jun '27Floor6 out of 12TransactionNew PropertyFurnishingUnfurnishedfacingEastoverlookingGarden/Park, Pool, Main RoadOwnershipFreeholdCar Parking1 CoveredBathroom3Balcony1"
Lakshmi Cadillac,₹2.03 Cr ,3 BHK Apartment for Sale in Kondapur Hyderabad,"Super Area2141 sqftStatusReady to MoveFloor5 out of 15TransactionNew PropertyFurnishingUnfurnishedfacingNorth - EastoverlookingGarden/Park, Pool, Main RoadOwnershipFreeholdCar Parking1 Covered,Bathroom3Balcony2"
,₹1.94 Cr ,3 BHK Villa for Sale in Kondapur Hyderabad,"Carpet Area2425 sqftUnder ConstructionPoss. by Mar '29TransactionNew PropertyFurnishingUnfurnishedfacingEastoverlookingMain RoadOwnershipFreeholdDimensions28.75 X 80 ft SqftCar Parking1 Covered,Bathroom3Balcony2"
Sumadhura Acropolis,₹3.40 Cr ,3 BHK Apartment for Sale in Gachibowli Hyderabad,"Carpet Area2092 sqftStatusReady to MoveFloor5 out of 31TransactionResaleFurnishingFurnishedfacingEastoverlookingGarden/Park, Main RoadOwnershipFreeholdBathroom3Balcony1"
,₹1.20 Cr ,3 BHK Apartment for Sale in Kondapur Hyderabad,Carpet Area1610 sqftUnder ConstructionPoss. by May '26Floor5 out of 5TransactionNew PropertyFurnishingUnfurnishedfacingEastoverlookingMain RoadOwnershipFreeholdBathroom3Balcony3
SMR Vinay Iconia,₹3.25 Cr ,4 BHK Apartment for Sale in Kondapur Hyderabad,"Super Area3285 sqftUnder ConstructionPoss. by Aug '27Floor18 out of 35TransactionNew PropertyFurnishingUnfurnishedfacingWestoverlookingPool, Garden/Park, Main RoadOwnershipFreeholdBathroom4Balcony2"
Candeur Lakescape,₹1.60 Cr ,3 BHK Apartment for Sale in Kondapur Hyderabad,"Carpet Area1917 sqftUnder ConstructionPoss. by Jan '27Floor15 out of 47TransactionNew PropertyFurnishingUnfurnishedfacingWestoverlookingPool, Garden/Park, Main RoadOwnershipLeaseholdCar Parking1 CoveredBathroom3Balcony3"
Auro The Regent,₹1.66 Cr ,3 BHK Apartment for Sale in Kondapur Hyderabad,Super Area1585 sqftTransactionNew PropertyFurnishingUnfurnishedBathroom3Balcony1
Indis Viva City,₹1.49 Cr ,2 BHK Apartment for Sale in Kondapur Hyderabad,Super Area1457 sqftUnder ConstructionPoss. by Apr '27TransactionNew PropertyFurnishingUnfurnishedBathroom2Balcony1
Namishree Vrindavan,₹2.09 Cr ,4 BHK Apartment for Sale in Kondapur Hyderabad,Super Area2790 sqftUnder ConstructionPoss. by Aug '29TransactionNew PropertyFurnishingUnfurnishedBathroom4Balcony1
Candeur Lakescape,₹1.77 Cr ,3 BHK Apartment for Sale in Kondapur Hyderabad,"Carpet Area1591 sqftUnder ConstructionPoss. by Dec '26Floor14 out of 47TransactionNew PropertyFurnishingUnfurnishedfacingNorthoverlookingGarden/Park, Main RoadOwnershipFreeholdCar Parking2 CoveredBathroom3Balcony3"
Namishree Vrindavan,₹2.53 Cr ,4 BHK Apartment for Sale in Kondapur Hyderabad,Super Area3375 sqftUnder ConstructionPoss. by Aug '29TransactionNew PropertyFurnishingUnfurnishedBathroom4Balcony3
Auro The Pearl,₹7.56 Cr ,4 BHK Apartment for Sale in Hitech City Hyderabad,Super Area5400 sqftUnder ConstructionPoss. by Aug '28TransactionNew PropertyFurnishingUnfurnishedBathroom4Balcony3
,₹5 Cr ,4 BHK Apartment for Sale in Hitech City Hyderabad,"Super Area3090 sqftStatusReady to MoveFloor16 out of 18TransactionResaleFurnishingSemi-FurnishedfacingWestoverlookingPool, Garden/Park, Main RoadBathroom4Balcony1"
,₹2.95 Cr ,3 BHK Apartment for Sale in Phase 2 HITEC City Hyderabad,"Carpet Area2145 sqftUnder ConstructionPoss. by Jul '27Floor13 out of 13TransactionNew PropertyFurnishingUnfurnishedfacingWestoverlookingGarden/Park, Pool, Main RoadOwnershipFreeholdBathroom3Balcony2"
,₹5.29 Cr ,  Office Space for Sale in Hitech City Hyderabad,Carpet Area3220 sqftStatusReady to MoveFloor3 out of 5TransactionNew PropertyCar Parking5 CoveredBathroom4
D Address,₹4 Cr ,"4 BHK Apartment for Sale in Jubilee Enclave, Hitech City Hyderabad",Super Area3166 sqftStatusReady to MoveFloor5 out of 8TransactionResaleFurnishingSemi-FurnishedfacingEastoverlookingGarden/ParkOwnershipFreeholdCar Parking2 CoveredBathroom3Balcony2
Cybercity Marina Skies,₹1.30 Cr ,2 BHK Apartment for Sale in Hitech City Hyderabad,Super Area1210 sqftStatusReady to MoveFloor24 out of 31TransactionResaleFurnishingSemi-FurnishedfacingNorthoverlookingGarden/ParkOwnershipFreeholdBathroom2Balcony1
Lodha Bellezza,₹5.55 Cr ,4 BHK Apartment for Sale in Hitech City Hyderabad,Super Area4761 sqftTransactionNew PropertyFurnishingUnfurnishedBathroom3
My Home Bhooja,₹10 Cr ,4 BHK Apartment for Sale in Hitech City Hyderabad,Super Area4070 sqftStatusReady to MoveFloor20 out of 36TransactionResaleFurnishingSemi-FurnishedfacingEastoverlookingGarden/ParkOwnershipFreeholdBathroom5Balcony1
NCC Urban Gardenia,₹6.15 Cr ,4 BHK Apartment for Sale in Hitech City Hyderabad,"Carpet Area3250 sqftStatusReady to MoveFloor6 out of 13TransactionResaleFurnishingFurnishedfacingWestoverlookingGarden/Park, Pool, Main RoadOwnershipFreeholdCar Parking2 Covered,Bathroom5Balcony3"
Aditya Capitol Heights,₹1.65 Cr ,3 BHK Apartment for Sale in Hitech City Hyderabad,"Super Area1950 sqftStatusReady to MoveFloor13 out of 33TransactionNew PropertyFurnishingUnfurnishedfacingEastoverlookingGarden/Park, Pool, Main RoadOwnershipFreeholdCar Parking2 CoveredBathroom3Balcony1"
My Home Bhooja,₹8.60 Cr ,4 BHK Apartment for Sale in Hitech City Hyderabad,"Carpet Area2500 sqftStatusReady to MoveFloor2 out of 2TransactionResaleFurnishingSemi-FurnishedfacingWestoverlookingPool, Main RoadOwnershipFreeholdCar Parking2 CoveredBathroom4Balcony2"
NCC Urban Gardenia,₹5.50 Cr ,4 BHK Apartment for Sale in Hitech City Hyderabad,Super Area3480 sqftStatusReady to MoveFloor4 out of 10TransactionResaleFurnishingFurnishedfacingNorthoverlookingGarden/ParkOwnershipCo-operative SocietyBathroom4Balcony2
Cybercity Rainbow Vistas,₹2.22 Cr ,3 BHK Apartment for Sale in Hitech City Hyderabad,"Super Area2160 sqftStatusReady to MoveFloor19 out of 19TransactionResaleFurnishingSemi-FurnishedfacingEastoverlookingGarden/Park, Pool, Main RoadOwnershipFreeholdBathroom5Balcony3"
Shreemukh 360 Life,₹3.05 Cr ,3 BHK Apartment for Sale in Hitech City Hyderabad,"Carpet Area2200 sqftUnder ConstructionPoss. by Jun '26Floor15 out of 25TransactionResaleFurnishingUnfurnishedfacingNorth - EastoverlookingGarden/Park, Pool, Main RoadOwnershipFreeholdCar Parking1 CoveredBathroom3Balcony2"
Aditya Sunshine,₹2.45 Cr ,3 BHK Apartment for Sale in Hitech City Hyderabad,Super Area2470 sqftStatusReady to MoveFloor1 out of 3TransactionResaleBathroom3
Cybercity Marina Skies,₹1.35 Cr ,2 BHK Apartment for Sale in Hitech City Hyderabad,"Super Area1160 sqftStatusReady to MoveFloor13 out of 30TransactionResaleFurnishingSemi-FurnishedfacingEastoverlookingPool, Garden/ParkOwnershipFreeholdCar Parking1 CoveredBathroom2Balcony1"
Prestige Ivy League,₹5.70 Cr ,4 BHK Apartment for Sale in Hitech City Hyderabad,Super Area3049 sqftStatusReady to MoveFloor5 out of 18TransactionResaleFurnishingSemi-FurnishedfacingWestoverlookingGarden/ParkOwnershipFreeholdBathroom5Balcony4
Cybercity Marina Skies,₹1.29 Cr ,2 BHK Apartment for Sale in Hitech City Hyderabad,Super Area1160 sqftStatusReady to MoveFloor21 out of 34TransactionResaleFurnishingFurnishedfacingEastOwnershipFreeholdBathroom2Balcony1
,₹2.80 Cr ,3 BHK Apartment for Sale in Phase 2 HITEC City Hyderabad,"Carpet Area1750 sqftUnder ConstructionPoss. by May '26Floor11 out of 35TransactionNew PropertyFurnishingUnfurnishedfacingEastoverlookingGarden/Park, PoolOwnershipFreeholdCar Parking1 Covered,Bathroom3Balcony2"
,₹78 Lac ,2 BHK Apartment for Sale in Hitech City Hyderabad,Super Area1135 sqftStatusReady to MoveFloor1 out of 4TransactionNew PropertyFurnishingSemi-FurnishedfacingEastOwnershipFreeholdCar Parking1 CoveredBathroom2Balcony2
NCC Urban Gardenia,₹6 Cr ,4 BHK Apartment for Sale in Hitech City Hyderabad,Carpet Area2514 sqftStatusReady to MoveFloor6 out of 12TransactionResaleFurnishingFurnishedfacingWestoverlookingMain RoadOwnershipFreeholdCar Parking3 CoveredBathroom4Balcony2
My Home Bhooja,₹10.50 Cr ,4 BHK Apartment for Sale in Hitech City Hyderabad,"Carpet Area4070 sqftStatusReady to MoveFloor16 out of 35TransactionResaleFurnishingSemi-FurnishedfacingWestoverlookingPool, Garden/Park, Main RoadOwnershipFreeholdCar Parking3 CoveredBathroom5Balcony4"
My Home Bhooja,₹7.90 Cr ,3 BHK Apartment for Sale in Hitech City Hyderabad,Super Area3430 sqftStatusReady to MoveFloor8 out of 35TransactionResaleFurnishingSemi-FurnishedfacingEastoverlookingMain RoadOwnershipFreeholdCar Parking2 CoveredBathroom3Balcony3
My Home Bhooja,₹5.97 Cr ,3 BHK Apartment for Sale in Hitech City Hyderabad,Super Area2595 sqftStatusReady to MoveFloor9 out of 35TransactionResaleFurnishingSemi-FurnishedfacingWestoverlookingMain RoadOwnershipFreeholdBathroom3Balcony3
,₹6 Cr ,4 BHK Apartment for Sale in Hitech City Hyderabad,"Carpet Area3375 sqftStatusReady to MoveFloor12 out of 28TransactionNew PropertyFurnishingFurnishedfacingNorthoverlookingGarden/Park, Pool, Main RoadBathroom5Balcony3"
My Home Bhooja,₹6.10 Cr ,3 BHK Apartment for Sale in Hitech City Hyderabad,Super Area2680 sqftStatusReady to MoveFloor26 out of 35TransactionResaleFurnishingSemi-FurnishedfacingEastoverlookingGarden/ParkOwnershipFreeholdBathroom3Balcony1
Asian Sun City,₹4.38 Cr ,  Office Space for Sale in Hitech City Hyderabad,Carpet Area4295 sqftStatusReady to MoveFloor5 out of 15TransactionNew PropertyCar Parking5 CoveredBathroom2
,₹79.1 Lac ,3 BHK Apartment for Sale in Hitech City Hyderabad,"Carpet Area1085 sqftUnder ConstructionPoss. by Sep '28Floor12 out of 32TransactionNew PropertyFurnishingUnfurnishedfacingEastoverlookingGarden/Park, PoolOwnershipFreeholdCar Parking1 CoveredBathroom3Balcony1"
NCC Urban Gardenia,₹5.40 Cr ,5 BHK Apartment for Sale in Hitech City Hyderabad,"Super Area4146 sqftStatusReady to MoveFloor5 out of 12TransactionResaleFurnishingUnfurnishedfacingWestoverlookingGarden/Park, Main RoadOwnershipFreeholdBathroom5Balcony2"
Cybercity Rainbow Vistas,₹1.40 Cr ,3 BHK Apartment for Sale in Phase 2 HITEC City Hyderabad,"Carpet Area1500 sqftStatusReady to MoveFloor1 out of 14TransactionResaleFurnishingSemi-FurnishedfacingEastoverlookingGarden/Park, PoolOwnershipFreeholdCar Parking1 CoveredBathroom3Balcony1"
HM Central Park,₹16.83 Cr ,"5 BHK Apartment for Sale in HM Central Park, Malabar Hill Mumbai",Carpet Area1725 sqftTransactionNew PropertyFurnishingUnfurnishedSocietyHM Central Park
Kalpataru Prive,₹109.08 Cr ,"7 BHK Apartment for Sale in Kalpataru Prive, Malabar Hill Mumbai",Carpet Area9008 sqftUnder ConstructionPoss. by Oct '27TransactionNew PropertyFurnishingUnfurnishedSocietyKalpataru PriveBathroom8Balcony5
,₹85 Cr ,5 BHK Apartment for Sale in Babulnath Mumbai,Super Area8000 sqftStatusReady to MoveFloor30 out of 50TransactionNew PropertyFurnishingSemi-FurnishedfacingNorth - EastoverlookingGarden/ParkOwnershipFreeholdCar Parking5 OpenBathroom6Balcony2
Kalpataru Prive,₹42.93 Cr ,"4 BHK Apartment for Sale in Kalpataru Prive, Malabar Hill Mumbai","Carpet Area3435 sqftUnder ConstructionPoss. by Mar '27Floor18 out of 30TransactionNew PropertyFurnishingUnfurnishedfacingEastoverlookingGarden/Park, PoolSocietyKalpataru PriveOwnershipCo-operative SocietyCar Parking3 CoveredBathroom2Balcony1"
Lodha Seamont,₹40.50 Cr ,"4 BHK Apartment for Sale in Lodha Seamont, Walkeshwar Mumbai",Carpet Area3000 sqftUnder ConstructionPoss. by Dec '27Floor27 out of 30TransactionNew PropertyFurnishingUnfurnishedfacingWestoverlookingGarden/ParkSocietyLodha SeamontOwnershipFreeholdCar Parking3 CoveredBathroom5Balcony1
,₹60 Cr ,4 BHK Apartment for Sale in Walkeshwar Mumbai,"Carpet Area3919 sqftUnder ConstructionPoss. by Apr '27Floor12 out of 16TransactionNew PropertyFurnishingUnfurnishedfacingWestoverlookingMain Road, Garden/Park, PoolOwnershipFreeholdBathroom5Balcony3"
Runwal Malabar,₹31.20 Cr ,"4 BHK Apartment for Sale in Runwal Malabar, Malabar Hill Mumbai","Carpet Area2600 sqftUnder ConstructionPoss. by Dec '28Floor12 out of 40TransactionNew PropertyFurnishingUnfurnishedfacingNorthoverlookingGarden/Park, Pool, Main RoadSocietyRunwal MalabarOwnershipFreeholdCar Parking3 CoveredBathroom6Balcony1"
Lodha Seamont,₹15 Cr ,"3 BHK Apartment for Sale in Lodha Seamont, Walkeshwar Mumbai",Carpet Area1560 sqftFloor5 out of 14TransactionNew PropertyFurnishingSemi-FurnishedSocietyLodha SeamontBathroom3
,₹21 Cr ,4 BHK Apartment for Sale in Babulnath Mumbai,"Carpet Area2325 sqftUnder ConstructionPoss. by Dec '27Floor8 out of 13TransactionNew PropertyFurnishingUnfurnishedfacingNorth - EastoverlookingGarden/Park, Main RoadOwnershipFreeholdCar Parking2 CoveredBathroom4"
Dhuleva Seven,₹22.04 Cr ,"4 BHK Apartment for Sale in Dhuleva Seven, Babulnath Mumbai","Carpet Area2449 sqftUnder ConstructionPoss. by Dec '27Floor3 out of 7TransactionNew PropertyFurnishingUnfurnishedfacingEastoverlookingGarden/Park, Main RoadSocietyDhuleva SevenOwnershipFreeholdCar Parking1 Covered,Bathroom4"
,₹18 Cr ,4 BHK Apartment for Sale in Malabar Hill Mumbai,"Carpet Area2000 sqftStatusReady to MoveFloor7 out of 8TransactionResaleFurnishingSemi-FurnishedCar Parking1 Covered,Bathroom4Balcony1"
Anita Building,₹15.50 Cr ,"3 BHK Apartment for Sale in Anita Building, Malabar Hill Mumbai",Carpet Area1550 sqftStatusReady to MoveFloor7 out of 8TransactionResaleFurnishingSemi-FurnishedfacingEastSocietyAnita BuildingOwnershipFreeholdBathroom3
,₹5.25 Cr ,2 BHK Apartment for Sale in Malabar Hill Mumbai,Carpet Area800 sqftStatusReady to MoveFloor2 out of 5TransactionResaleFurnishingSemi-FurnishedfacingSouth -WestoverlookingMain RoadOwnershipCo-operative SocietyBathroom2Balcony1
,₹60 Lac ,  Shop for Sale in Malabar Hill Mumbai,Carpet Area200 sqftStatusReady to MoveFloorGround out of 30TransactionResale
,₹47.50 Cr ,4 BHK Apartment for Sale in Walkeshwar Mumbai,Carpet Area3800 sqftStatusReady to MoveFloor17 out of 18TransactionResaleFurnishingUnfurnishedfacingEastoverlookingPoolOwnershipFreeholdCar Parking3 CoveredBathroom5Balcony3
Lodha Seamont,₹14.99 Cr ,"3 BHK Apartment for Sale in Lodha Seamont, Walkeshwar Mumbai",Carpet Area1350 sqftStatusReady to MoveFloor7 out of 22TransactionResaleFurnishingSemi-FurnishedfacingEastSocietyLodha SeamontOwnershipFreeholdCar Parking2 CoveredBathroom3
,₹98.45 Cr ,5 BHK Apartment for Sale in Walkeshwar Mumbai,"Carpet Area6271 sqftUnder ConstructionPoss. by Jun '27Floor20 out of 33TransactionNew PropertyFurnishingUnfurnishedfacingSouthoverlookingGarden/Park, Pool, Main RoadOwnershipFreeholdCar Parking4 CoveredBathroom6"
Arkade Rise,₹20 Cr ,"4 BHK Apartment for Sale in Arkade Rise, Kemps Corner Malabar Hill Mumbai","Carpet Area1590 sqftStatusReady to MoveFloor28 out of 40TransactionResaleFurnishingFurnishedfacingEastoverlookingGarden/Park, Pool, Main RoadSocietyArkade RiseOwnershipFreeholdCar Parking4 CoveredBathroom5Balcony6"
,₹14.7 Lac ,  Shop for Sale in Teen Batti Mumbai,Carpet Area300 sqftTransactionResale
Lodha Seamont,₹9.29 Cr ,"2 BHK Apartment for Sale in Lodha Seamont, Walkeshwar Mumbai",Super Area1450 sqftStatusReady to MoveFloor21 out of 22TransactionNew PropertyFurnishingUnfurnishedSocietyLodha SeamontBathroom2
,₹1.90 Cr ,  Office Space for Sale in Babulnath Mumbai,Carpet Area368 sqftStatusReady to MoveFloor1 out of 15TransactionResaleBathroom1
,₹14.1 Lac ,  Shop for Sale in Teen Batti Mumbai,Super Area287 sqftTransactionResale
Malabar Apartments,₹9 Cr ,"2 BHK Apartment for Sale in Malabar Apartments, Malabar Hill Mumbai",Carpet Area1123 sqftStatusReady to MoveFloor3 out of 7TransactionResaleFurnishingUnfurnishedSocietyMalabar ApartmentsBathroom3
Lodha Seamont,₹9.29 Cr ,"2 BHK Apartment for Sale in Lodha Seamont, Walkeshwar Mumbai",Super Area1713 sqftStatusReady to MoveFloor21 out of 22TransactionNew PropertyFurnishingUnfurnishedSocietyLodha SeamontBathroom2
Lodha Seamont,₹9.29 Cr ,"2 BHK Apartment for Sale in Lodha Seamont, Walkeshwar Mumbai",Super Area1370 sqftStatusReady to MoveFloor19 out of 22TransactionResaleFurnishingUnfurnishedSocietyLodha SeamontBathroom3
,₹4.30 Cr ,3 BHK Apartment for Sale in Dadi Sheth Wadi Mumbai,"Carpet Area950 sqftStatusReady to MoveFloor3 out of 7TransactionResaleFurnishingUnfurnishedfacingSouth - EastoverlookingGarden/Park, Main RoadOwnershipCo-operative SocietyBathroom4"
,₹6.29 Cr ,1 BHK Apartment for Sale in Walkeshwar Mumbai,Carpet Area767 sqftStatusReady to MoveFloor7 out of 12TransactionResaleFurnishingSemi-FurnishedBathroom1Balcony1
Satellite Sesen,₹50 Cr ,"10 BHK Apartment for Sale in Satellite Sesen, Malabar Hill Mumbai","Super Area10,000 sqftStatusReady to MoveFloor50 out of 50TransactionResaleFurnishingUnfurnishedSocietySatellite SesenBathroom> 10"
,₹2.30 Cr ,  Shop for Sale in Teen Batti Mumbai,Carpet Area300 sqftStatusReady to MoveFloorGround out of 1TransactionResale
,₹10 Cr ,2 BHK Apartment for Sale in Walkeshwar Mumbai,Carpet Area1000 sqftStatusReady to MoveFloor6 out of 9TransactionResaleFurnishingUnfurnishedfacingSouth - EastoverlookingMain RoadOwnershipFreeholdCar Parking1 OpenBathroom2Balcony3
,₹9.94 Cr ,"4 BHK Apartment for Sale in Rishabraj Trident, Juhu Mumbai",Carpet Area1808 sqftTransactionNew PropertyFurnishingUnfurnishedSocietyRishabraj TridentBathroom4
Rustomjee Ashiana,₹10.25 Cr ,"3 BHK Apartment for Sale in Rustomjee Ashiana, JVPD Scheme Mumbai",Carpet Area1578 sqftUnder ConstructionPoss. by Apr '26TransactionNew PropertyFurnishingUnfurnishedSocietyRustomjee AshianaBathroom3Balcony1
Kalpataru Amare,₹24.05 Cr ,"5 BHK Apartment for Sale in Kalpataru Amare, Juhu Mumbai",Carpet Area3700 sqftUnder ConstructionPoss. by Dec '27TransactionNew PropertyFurnishingUnfurnishedSocietyKalpataru AmareBathroom3Balcony2
Rustomjee Ashiana,₹15.50 Cr ,"4 BHK Apartment for Sale in Rustomjee Ashiana, JVPD Scheme Mumbai",Carpet Area1954 sqftUnder ConstructionPoss. by Dec '26TransactionNew PropertyFurnishingUnfurnishedSocietyRustomjee AshianaBathroom5Balcony1
Ajod One,₹5.45 Cr ,"  Office Space for Sale in Ajod One, Juhu Mumbai",Carpet Area988 sqftUnder ConstructionPoss. by Dec '28TransactionNew PropertyBathroom1
Rustomjee Ashiana,₹15.50 Cr ,"4 BHK Apartment for Sale in Rustomjee Ashiana, JVPD Scheme Mumbai",Carpet Area1954 sqftUnder ConstructionPoss. by Feb '27TransactionNew PropertyFurnishingUnfurnishedSocietyRustomjee AshianaBathroom4Balcony1
Parinee Elenora,₹8.28 Cr ,"4 BHK Apartment for Sale in Parinee Elenora, Juhu Mumbai",Carpet Area1354 sqftUnder ConstructionPoss. by Sep '26TransactionNew PropertyFurnishingUnfurnishedSocietyParinee ElenoraBathroom4Balcony2
Rishabraj Trident,₹8.65 Cr ,"3 BHK Apartment for Sale in Rishabraj Trident, Juhu Mumbai",Carpet Area1574 sqftUnder ConstructionPoss. by Aug '28TransactionNew PropertyFurnishingUnfurnishedSocietyRishabraj TridentBathroom3Balcony2
Kalpataru Amare,₹24.05 Cr ,"5 BHK Apartment for Sale in Kalpataru Amare, Juhu Mumbai",Carpet Area3700 sqftUnder ConstructionPoss. by Dec '27TransactionNew PropertyFurnishingUnfurnishedSocietyKalpataru AmareBathroom3Balcony2
,₹12.10 Cr ,"4 BHK Apartment for Sale in Kalpataru Amare, Juhu Mumbai",Carpet Area1845 sqftUnder ConstructionPoss. by Dec '27Floor8 out of 16TransactionNew PropertyFurnishingUnfurnishedfacingEastoverlookingGarden/ParkSocietyKalpataru AmareOwnershipFreeholdCar Parking1 CoveredBathroom4Balcony1
,₹29.50 Cr ,8 BHK Apartment for Sale in Juhu Mumbai,Carpet Area4700 sqftStatusReady to MoveFloor7 out of 12TransactionNew PropertyFurnishingUnfurnishedfacingSouth -WestoverlookingMain RoadOwnershipFreeholdCar Parking6 CoveredBathroom8Balcony6
Govind Vihar Apartment,₹18 Cr ,"4 BHK Apartment for Sale in Govind Vihar Apartment, Juhu Mumbai",Carpet Area2599 sqftStatusReady to MoveFloor7 out of 12TransactionResaleFurnishingSemi-FurnishedfacingEastoverlookingMain RoadSocietyGovind Vihar ApartmentOwnershipFreeholdCar Parking1 OpenBathroom4Balcony3
,₹5 Cr ,2 BHK Apartment for Sale in Juhu Mumbai,Carpet Area850 sqftStatusReady to MoveTransactionResaleFurnishingUnfurnishedfacingEastoverlookingMain RoadOwnershipCo-operative SocietyCar Parking1 CoveredBathroom3
,₹15.95 Cr ,3 BHK Apartment for Sale in Juhu Mumbai,"Carpet Area2200 sqftStatusReady to MoveFloor7 out of 7TransactionResaleFurnishingUnfurnishedfacingSouth -WestoverlookingGarden/Park, Main RoadOwnershipFreeholdCar Parking1 OpenBathroom3Balcony1"
Bharat Juhu Acropolis,₹7.75 Cr ,"3 BHK Apartment for Sale in Bharat Juhu Acropolis, Juhu Mumbai","Carpet Area1240 sqftStatusReady to MoveFloor9 out of 16TransactionResaleFurnishingSemi-FurnishedfacingEastoverlookingGarden/Park, Main RoadSocietyBharat Juhu AcropolisOwnershipFreeholdCar Parking1 CoveredBathroom3Balcony1"
,₹7.70 Cr ,3 BHK Apartment for Sale in Juhu Mumbai,Carpet Area1400 sqftStatusReady to MoveFloor5 out of 10TransactionResaleFurnishingFurnishedfacingNorthoverlookingMain RoadOwnershipFreeholdCar Parking2 CoveredBathroom3
,₹1.51 Cr ,"1 BHK Apartment for Sale in Shree Mahavir Aditya Chsl, Juhu Mumbai",Carpet Area480 sqftStatusReady to MoveFloor5 out of 5TransactionNew PropertyFurnishingUnfurnishedfacingEastoverlookingMain RoadSocietyShree Mahavir Aditya ChslOwnershipFreeholdCar Parking10 CoveredBathroom2
Kalpataru Amare,₹9.94 Cr ,"3 BHK Apartment for Sale in Kalpataru Amare, Juhu Mumbai","Carpet Area1406 sqftUnder ConstructionPoss. by Jul '27Floor1 out of 16TransactionNew PropertyFurnishingUnfurnishedfacingSouthoverlookingGarden/Park, Pool, Main RoadSocietyKalpataru AmareOwnershipLeaseholdCar Parking2 CoveredBathroom3Balcony3"
Kalpataru Amare,₹11.41 Cr ,"3 BHK Apartment for Sale in Kalpataru Amare, Juhu Mumbai","Carpet Area1406 sqftUnder ConstructionPoss. by Dec '27TransactionNew PropertyFurnishingSemi-FurnishedfacingEastoverlookingPool, Garden/Park, Main RoadSocietyKalpataru AmareOwnershipLeaseholdCar Parking1 CoveredBathroom4Balcony3"
,₹16 Cr ,4 BHK Apartment for Sale in JVPD Scheme Mumbai,Carpet Area2900 sqftStatusReady to MoveFloor6 out of 10TransactionResaleFurnishingUnfurnishedfacingEastOwnershipLeaseholdCar Parking4 CoveredBathroom5
Kalpataru Amare,₹8.85 Cr ,"3 BHK Apartment for Sale in Kalpataru Amare, Juhu Mumbai",Super Area1700 sqftUnder ConstructionPoss. by Nov '27Floor7 out of 17TransactionNew PropertyFurnishingUnfurnishedoverlookingMain RoadSocietyKalpataru AmareBathroom4Balcony2
,₹9.50 Cr ,3 BHK Apartment for Sale in JVPD Scheme Mumbai,Carpet Area1534 sqftStatusReady to MoveFloor3 out of 8TransactionResaleFurnishingSemi-FurnishedfacingWestoverlookingMain RoadOwnershipFreeholdCar Parking1 OpenBathroom3
K Raheja Maestro,₹23.99 Cr ,"4 BHK Apartment for Sale in K Raheja Maestro, Juhu Mumbai","Carpet Area2864 sqftUnder ConstructionPoss. by Nov '26Floor8 out of 12TransactionNew PropertyFurnishingSemi-FurnishedfacingEastoverlookingGarden/Park, Pool, Main RoadSocietyK Raheja MaestroOwnershipFreeholdCar Parking3 OpenBathroom4Balcony1"
Options Kinara,₹6.97 Cr ,"3 BHK Apartment for Sale in Options Kinara, Juhu Mumbai","Carpet Area1163 sqftStatusReady to MoveFloor5 out of 15TransactionNew PropertyFurnishingSemi-FurnishedfacingEastoverlookingGarden/Park, Main RoadSocietyOptions KinaraOwnershipFreeholdCar Parking2 CoveredBathroom3"
Gurukrupa Alaknanda,₹8.50 Cr ,"3 BHK Apartment for Sale in Gurukrupa Alaknanda, MHADA Colony Juhu Mumbai","Carpet Area1458 sqftStatusReady to MoveFloor7 out of 16TransactionNew PropertyFurnishingUnfurnishedfacingWestoverlookingGarden/Park, Main RoadSocietyGurukrupa AlaknandaOwnershipFreeholdCar Parking2 CoveredBathroom4Balcony2"
Kalpataru Amare,₹10.49 Cr ,"4 BHK Apartment for Sale in Kalpataru Amare, Juhu Mumbai","Carpet Area1899 sqftUnder ConstructionPoss. by Jun '27Floor14 out of 16TransactionNew PropertyFurnishingSemi-FurnishedfacingEastoverlookingGarden/Park, Main RoadSocietyKalpataru AmareOwnershipFreeholdCar Parking2 Covered,Bathroom4"
Ajod One,₹5.45 Cr ,"  Office Space for Sale in Ajod One, Juhu Mumbai",Carpet Area988 sqftUnder ConstructionPoss. by Dec '28TransactionNew PropertyBathroom1
Kalpataru Amare,₹9.75 Cr ,"3 BHK Apartment for Sale in Kalpataru Amare, Juhu Mumbai",Carpet Area1406 sqftUnder ConstructionPoss. by Dec '27Floor11 out of 16TransactionResaleFurnishingUnfurnishedfacingNorth - EastoverlookingGarden/ParkSocietyKalpataru AmareOwnershipFreeholdCar Parking2 CoveredBathroom3Balcony3
Rustomjee Ashiana,₹15.50 Cr ,"4 BHK Apartment for Sale in Rustomjee Ashiana, JVPD Scheme Mumbai",Carpet Area1954 sqftStatusReady to MoveFloor3 out of 10TransactionNew PropertyFurnishingUnfurnishedfacingEastoverlookingGarden/ParkSocietyRustomjee AshianaOwnershipFreeholdCar Parking2 CoveredBathroom4Balcony1
Kalpataru Amare,₹13.70 Cr ,"4 BHK Apartment for Sale in Kalpataru Amare, JVPD Scheme Mumbai","Carpet Area1845 sqftUnder ConstructionPoss. by Dec '27Floor10 out of 16TransactionNew PropertyFurnishingSemi-FurnishedfacingEastoverlookingGarden/Park, Main RoadSocietyKalpataru AmareOwnershipFreeholdCar Parking1 CoveredBathroom4Balcony3"
,₹8.13 Cr ,"3 BHK Apartment for Sale in Adani Ten BKC , Bandra Kurla Complex Mumbai",Super Area1626 sqftTransactionNew PropertyFurnishingUnfurnishedSocietyAdani Ten BKCBathroom3Balcony1
,₹8.13 Cr ,"3 BHK Apartment for Sale in Adani Ten BKC , Bandra Kurla Complex Mumbai",Super Area1626 sqftTransactionNew PropertyFurnishingUnfurnishedSocietyAdani Ten BKCBathroom3Balcony1
,₹7.63 Cr ,"3 BHK Apartment for Sale in Radius 10 BKC, Bandra Kurla Complex Mumbai",Carpet Area1175 sqftTransactionNew PropertyFurnishingUnfurnishedSocietyRadius 10 BKCBathroom3Balcony3
Adani Ten BKC ,₹8.13 Cr ,"3 BHK Apartment for Sale in Adani Ten BKC , Bandra Kurla Complex Mumbai",Super Area1626 sqftTransactionNew PropertyFurnishingUnfurnishedSocietyAdani Ten BKCBathroom3
Adani Ten BKC ,₹8.13 Cr ,"3 BHK Apartment for Sale in Adani Ten BKC , Bandra Kurla Complex Mumbai",Super Area1626 sqftTransactionNew PropertyFurnishingUnfurnishedSocietyAdani Ten BKCBathroom3Balcony3
Adani Ten BKC ,₹12.05 Cr ,"3 BHK Apartment for Sale in Adani Ten BKC , Bandra Kurla Complex Mumbai",Super Area2409 sqftTransactionNew PropertyFurnishingUnfurnishedSocietyAdani Ten BKCBathroom3Balcony1
Adani Ten BKC ,₹8.13 Cr ,"3 BHK Apartment for Sale in Adani Ten BKC , Bandra Kurla Complex Mumbai",Super Area1626 sqftTransactionNew PropertyFurnishingUnfurnishedSocietyAdani Ten BKCBathroom3
Radius 10 BKC,₹6.34 Cr ,"3 BHK Apartment for Sale in Radius 10 BKC, Bandra Kurla Complex Mumbai",Carpet Area976 sqftTransactionNew PropertyFurnishingUnfurnishedSocietyRadius 10 BKCBathroom2Balcony1
Adani Ten BKC ,₹8.13 Cr ,"3 BHK Apartment for Sale in Adani Ten BKC , Bandra Kurla Complex Mumbai",Super Area1626 sqftTransactionNew PropertyFurnishingUnfurnishedSocietyAdani Ten BKCBathroom3Balcony1
Radius 10 BKC,₹9.36 Cr ,"3 BHK Apartment for Sale in Radius 10 BKC, Bandra Kurla Complex Mumbai",Carpet Area1442 sqftTransactionNew PropertyFurnishingUnfurnishedSocietyRadius 10 BKCBathroom3Balcony1
Adani Ten BKC ,₹8.13 Cr ,"3 BHK Apartment for Sale in Adani Ten BKC , Bandra Kurla Complex Mumbai",Super Area1626 sqftTransactionNew PropertyFurnishingUnfurnishedSocietyAdani Ten BKCBathroom3Balcony3
Adani Ten BKC ,₹8.13 Cr ,"3 BHK Apartment for Sale in Adani Ten BKC , Bandra Kurla Complex Mumbai",Super Area1626 sqftTransactionNew PropertyFurnishingUnfurnishedSocietyAdani Ten BKCBathroom3Balcony2
Adani Ten BKC ,₹8.13 Cr ,"3 BHK Apartment for Sale in Adani Ten BKC , Bandra Kurla Complex Mumbai",Super Area1626 sqftTransactionNew PropertyFurnishingUnfurnishedSocietyAdani Ten BKCBathroom3Balcony1
Adani Ten BKC ,₹8.13 Cr ,"3 BHK Apartment for Sale in Adani Ten BKC , Bandra Kurla Complex Mumbai",Super Area1626 sqftTransactionNew PropertyFurnishingUnfurnishedSocietyAdani Ten BKCBathroom3Balcony2
Radius 10 BKC,₹9.36 Cr ,"3 BHK Apartment for Sale in Radius 10 BKC, Bandra Kurla Complex Mumbai",Carpet Area1442 sqftTransactionNew PropertyFurnishingUnfurnishedSocietyRadius 10 BKCBathroom3Balcony1
,₹27 Cr ,"4 BHK Apartment for Sale in Signia Pearl, Bandra Kurla Complex Mumbai",Carpet Area3882 sqftStatusReady to MoveTransactionNew PropertyFurnishingUnfurnishedSocietySignia PearlBathroom4
,₹9 Cr ,3 BHK Apartment for Sale in Bandra Kurla Complex Mumbai,Carpet Area1350 sqftStatusReady to MoveFloor12 out of 20TransactionResaleFurnishingSemi-FurnishedfacingNorth - EastoverlookingGarden/ParkOwnershipFreeholdCar Parking3 CoveredBathroom4Balcony1
,₹7.70 Cr ,"3 BHK Apartment for Sale in Radius 10 BKC, Bandra Kurla Complex Mumbai",Carpet Area1183 sqftStatusReady to MoveFloor5 out of 22TransactionNew PropertyFurnishingSemi-FurnishedfacingNorth - WestoverlookingMain RoadSocietyRadius 10 BKCOwnershipLeaseholdCar Parking2 CoveredBathroom3Balcony2
,₹5.67 Cr ,"3 BHK Apartment for Sale in Radius 10 BKC, Income Tax Colony Bandra Kurla Complex Mumbai","Carpet Area985 sqftStatusReady to MoveFloor14 out of 22TransactionNew PropertyFurnishingUnfurnishedfacingEastoverlookingGarden/Park, Pool, Main RoadSocietyRadius 10 BKCOwnershipLeaseholdCar Parking2 Covered,Bathroom3Balcony1"
,₹7 Cr ,"3 BHK Apartment for Sale in Adani Ten BKC , Bandra Kurla Complex Mumbai","Carpet Area1049 sqftStatusReady to MoveFloor4 out of 22TransactionNew PropertyFurnishingSemi-FurnishedfacingEastoverlookingGarden/Park, Main RoadSocietyAdani Ten BKCOwnershipFreeholdCar Parking2 Covered,Bathroom3Balcony1"
Adani Ten BKC ,₹9.30 Cr ,"3 BHK Apartment for Sale in Adani Ten BKC , Bandra Kurla Complex Mumbai","Carpet Area1432 sqftStatusReady to MoveFloor8 out of 22TransactionResaleFurnishingUnfurnishedfacingWestoverlookingGarden/Park, PoolSocietyAdani Ten BKCOwnershipLeaseholdCar Parking2 CoveredBathroom4Balcony1"
Radius 10 BKC,₹15.59 Cr ,"4 BHK Apartment for Sale in Radius 10 BKC, E Block BKC Mumbai","Carpet Area2237 sqftStatusReady to MoveFloor14 out of 22TransactionNew PropertyFurnishingUnfurnishedfacingSouth -WestoverlookingGarden/Park, PoolSocietyRadius 10 BKCOwnershipCo-operative SocietyCar Parking3 CoveredBathroom6Balcony2"
Adani Ten BKC ,₹10.65 Cr ,"4 BHK Apartment for Sale in Adani Ten BKC , Bandra Kurla Complex Mumbai","Carpet Area1400 sqftStatusReady to MoveFloor8 out of 29TransactionResaleFurnishingUnfurnishedfacingNorth - WestoverlookingGarden/Park, Pool, Main RoadSocietyAdani Ten BKCOwnershipFreeholdCar Parking3 CoveredBathroom5"
Jade Gardens,₹6.50 Cr ,"3 BHK Apartment for Sale in Jade Gardens, Bandra Kurla Complex Mumbai",Carpet Area1370 sqftStatusReady to MoveFloor15 out of 17TransactionResaleFurnishingFurnishedfacingWestoverlookingMain RoadSocietyJade GardensOwnershipFreeholdCar Parking2 CoveredBathroom4Balcony4
Adani Ten BKC ,₹8.50 Cr ,"3 BHK Apartment for Sale in Adani Ten BKC , Bandra Kurla Complex Mumbai","Carpet Area1429 sqftStatusReady to MoveTransactionNew PropertyFurnishingFurnishedfacingEastoverlookingGarden/Park, Pool, Main RoadSocietyAdani Ten BKCOwnershipFreeholdCar Parking1 CoveredBathroom4Balcony1"
Adani Ten BKC ,₹8.70 Cr ,"3 BHK Apartment for Sale in Adani Ten BKC , Bandra Kurla Complex Mumbai",Super Area1450 sqftStatusReady to MoveFloor11 out of 29TransactionResaleFurnishingUnfurnishedfacingEastoverlookingMain RoadSocietyAdani Ten BKCOwnershipCo-operative SocietyBathroom3
Adani Ten BKC ,₹16.77 Cr ,"4 BHK Apartment for Sale in Adani Ten BKC , Bandra Kurla Complex Mumbai","Carpet Area2237 sqftStatusReady to MoveFloor1 out of 22TransactionNew PropertyFurnishingUnfurnishedoverlookingGarden/Park, Main RoadSocietyAdani Ten BKCOwnershipFreeholdCar Parking2 CoveredBathroom4Balcony4"
Adani Ten BKC ,₹6.33 Cr ,"3 BHK Apartment for Sale in Adani Ten BKC , Bandra Kurla Complex Mumbai",Carpet Area978 sqftUnder ConstructionPoss. by Dec '26Floor9 out of 22TransactionNew PropertyFurnishingUnfurnishedfacingEastoverlookingMain RoadSocietyAdani Ten BKCOwnershipFreeholdCar Parking1 OpenBathroom2
Adani Ten BKC ,₹7.86 Cr ,"3 BHK Apartment for Sale in Adani Ten BKC , Bandra Kurla Complex Mumbai","Super Area1174 sqftStatusReady to MoveFloor1 out of 29TransactionNew PropertyFurnishingUnfurnishedoverlookingGarden/Park, Pool, Main RoadSocietyAdani Ten BKCOwnershipFreeholdCar Parking2 CoveredBathroom3Balcony3"
Adani Ten BKC ,₹10.50 Cr ,"4 BHK Apartment for Sale in Adani Ten BKC , Bandra Kurla Complex Mumbai","Carpet Area1600 sqftStatusReady to MoveTransactionResaleFurnishingSemi-FurnishedfacingWestoverlookingGarden/Park, PoolSocietyAdani Ten BKCOwnershipFreeholdBathroom4"
,₹6.50 Cr ,3 BHK Apartment for Sale in Cuffe Parade Mumbai,Carpet Area1292 sqftStatusReady to MoveFloor5 out of 16TransactionResaleFurnishingSemi-FurnishedfacingEastOwnershipCo-operative SocietyCar Parking1 CoveredBathroom3
,₹7.50 Cr ,3 BHK Apartment for Sale in Cuffe Parade Mumbai,"Carpet Area1370 sqftStatusReady to MoveFloor3 out of 16TransactionResaleFurnishingSemi-FurnishedfacingSouth - EastoverlookingMain RoadOwnershipCo-operative SocietyCar Parking1 Covered,Bathroom4Balcony1"
,₹13 Cr ,3 BHK Apartment for Sale in Cuffe Parade Mumbai,Carpet Area1300 sqftStatusReady to MoveFloor15 out of 22TransactionResaleFurnishingUnfurnishedfacingEastoverlookingMain RoadOwnershipCo-operative SocietyCar Parking1 OpenBathroom4
World Trade Center,₹3 Cr ,"  Showroom for Sale in World Trade Center, Cuffe Parade Mumbai",Carpet Area740 sqftStatusReady to MoveFloor1 out of 3TransactionResaleCar Parking1 CoveredBathroom2
,₹2.50 Cr ,2 BHK Apartment for Sale in Cuffe Parade Mumbai,Carpet Area500 sqftStatusReady to MoveFloor3 out of 10TransactionResaleFurnishingFurnishedfacingEastOwnershipCo-operative SocietyBathroom2
Jolly Maker Apartment,₹13.50 Cr ,"3 BHK Apartment for Sale in Jolly Maker Apartment, Cuffe Parade Mumbai","Carpet Area1615 sqftStatusReady to MoveFloor10 out of 21TransactionResaleFurnishingFurnishedfacingWestoverlookingGarden/Park, Pool, Main RoadSocietyJolly Maker ApartmentOwnershipFreeholdCar Parking1 CoveredBathroom4Balcony1"
Maker Tower,₹31 Cr ,"4 BHK Apartment for Sale in Maker Tower, Cuffe Parade Mumbai","Carpet Area3100 sqftStatusReady to MoveFloor10 out of 25TransactionResaleFurnishingSemi-FurnishedfacingNorth - WestSocietyMaker TowerOwnershipLeaseholdCar Parking1 Covered,Bathroom5Balcony1"
,₹11 Cr ,3 BHK Apartment for Sale in Cuffe Parade Mumbai,Carpet Area1340 sqftStatusReady to MoveFloor3 out of 7TransactionNew PropertyFurnishingSemi-FurnishedBathroom3Balcony1
World Trade Center,₹3.10 Cr ,"  Office Space for Sale in World Trade Center, Cuffe Parade Mumbai",Carpet Area740 sqftStatusReady to MoveTransactionResaleCar Parking1 Covered
,₹6.50 Cr ,3 BHK  House for Sale in Ganesh Murti Nagar Mumbai,Super Area1292 sqftStatusReady to MoveTransactionResaleFurnishingSemi-FurnishedfacingNorth - EastoverlookingMain RoadOwnershipFreeholdCar Parking1 OpenBathroom3
Jolly Maker Apartment,₹8.50 Cr ,"2 BHK Apartment for Sale in Jolly Maker Apartment, Cuffe Parade Mumbai",Carpet Area900 sqftStatusReady to MoveFloor19 out of 20TransactionResaleFurnishingUnfurnishedSocietyJolly Maker ApartmentBathroom4
,₹6.19 Cr ,"  Office Space for Sale in Jolly Maker Apartment, Cuffe Parade Mumbai",Carpet Area619 sqftStatusReady to MoveFloor10 out of 14TransactionResaleCar Parking1 CoveredBathroom2
Ameeta Apartments,₹7.50 Cr ,"3 BHK Apartment for Sale in Ameeta Apartments, Cuffe Parade Mumbai",Carpet Area1015 sqftStatusReady to MoveFloor4 out of 13TransactionResaleFurnishingFurnishedSocietyAmeeta ApartmentsBathroom3
Jolly Maker Apartment,₹18.50 Cr ,"3 BHK Apartment for Sale in Jolly Maker Apartment, Cuffe Parade Mumbai",Carpet Area1188 sqftStatusReady to MoveFloor11 out of 26TransactionResaleFurnishingFurnishedSocietyJolly Maker ApartmentBathroom3
,₹11 Cr ,3 BHK Apartment for Sale in Cuffe Parade Mumbai,"Carpet Area1342 sqftStatusReady to MoveFloor11 out of 31TransactionResaleFurnishingSemi-FurnishedfacingSouth - EastoverlookingGarden/Park, Main RoadOwnershipCo-operative SocietyCar Parking1 Covered,Bathroom3"
Satnam Apartment,₹7 Cr ,"3 BHK Apartment for Sale in Satnam Apartment, Cuffe Parade Mumbai",Super Area1260 sqftStatusReady to MoveFloor4 out of 16TransactionResaleFurnishingUnfurnishedSocietySatnam ApartmentBathroom3
Jupiter Apartment,₹11 Cr ,"3 BHK Apartment for Sale in Jupiter Apartment, Cuffe Parade Mumbai",Super Area1640 sqftStatusReady to MoveTransactionResaleSocietyJupiter Apartment
Maker Tower,₹2.85 Cr ,"  Shop for Sale in Maker Tower, Cuffe Parade Mumbai",Carpet Area218 sqftStatusReady to MoveFloorGround out of 1TransactionResale
Jolly Maker Apartment,₹18.50 Cr ,"3 BHK Apartment for Sale in Jolly Maker Apartment, Cuffe Parade Mumbai",Super Area1650 sqftStatusReady to MoveFloor11 out of 26TransactionResaleFurnishingFurnishedSocietyJolly Maker ApartmentOwnershipFreeholdCar Parking1 CoveredBathroom3
,₹13.50 Cr ,3 BHK Apartment for Sale in Cuffe Parade Mumbai,Carpet Area1835 sqftStatusReady to MoveFloor7 out of 20TransactionResaleFurnishingUnfurnishedOwnershipCo-operative SocietyCar Parking2 CoveredBathroom3
Cuffe Castle,₹7 Cr ,"2 BHK Apartment for Sale in Cuffe Castle, Cuffe Parade Mumbai",Carpet Area1220 sqftStatusReady to MoveFloor5 out of 18TransactionResaleFurnishingFurnishedfacingEastoverlookingMain RoadSocietyCuffe CastleOwnershipCo-operative SocietyCar Parking1 CoveredBathroom3Balcony1
,₹3.30 Cr ,  Office Space for Sale in Ganesh Murti Nagar Mumbai,Super Area740 sqftStatusReady to MoveFloor1 out of 3TransactionResaleCar Parking1 OpenBathroom2
Maker Tower,₹30 Cr ,"4 BHK Apartment for Sale in Maker Tower, Cuffe Parade Mumbai","Carpet Area3000 sqftStatusReady to MoveFloor2 out of 21TransactionResaleFurnishingSemi-FurnishedfacingWestoverlookingGarden/Park, Pool, Main RoadSocietyMaker TowerOwnershipLeaseholdCar Parking2 CoveredBathroom5Balcony4"
,₹6.75 Cr ,2 BHK Apartment for Sale in Cuffe Parade Mumbai,Carpet Area850 sqftStatusReady to MoveFloor3 out of 20TransactionResaleFurnishingSemi-FurnishedfacingEastoverlookingMain RoadOwnershipLeaseholdBathroom3Balcony1
,₹10.50 Cr ,3 BHK Apartment for Sale in Cuffe Parade Mumbai,Carpet Area1340 sqftStatusReady to MoveFloor11 out of 24TransactionNew PropertyFurnishingSemi-FurnishedBathroom2
Hassa Mahal,₹4.50 Cr ,"2 BHK Apartment for Sale in Hassa Mahal, Cuffe Parade Mumbai",Carpet Area800 sqftStatusReady to MoveFloor11 out of 28TransactionResaleFurnishingUnfurnishedSocietyHassa MahalOwnershipCo-operative SocietyCar Parking1 CoveredBathroom2Balcony1
Jupiter Apartment,₹10 Cr ,"3 BHK Apartment for Sale in Jupiter Apartment, Cuffe Parade Mumbai","Carpet Area1342 sqftStatusReady to MoveFloor9 out of 30TransactionResaleFurnishingSemi-FurnishedfacingNorth - WestoverlookingGarden/Park, Main RoadSocietyJupiter ApartmentOwnershipCo-operative SocietyCar Parking1 CoveredBathroom4"
Maker Tower,₹20 Cr ,"4 BHK Apartment for Sale in Maker Tower, Cuffe Parade Mumbai","Carpet Area2100 sqftStatusReady to MoveFloor2 out of 22TransactionResaleFurnishingFurnishedfacingWestoverlookingGarden/Park, Pool, Main RoadSocietyMaker TowerOwnershipLeaseholdCar Parking2 CoveredBathroom5Balcony2"
,₹10 Cr ,3 BHK Apartment for Sale in Cuffe Parade Mumbai,"Carpet Area1350 sqftStatusReady to MoveFloor10 out of 16TransactionResaleFurnishingSemi-FurnishedfacingNorthOwnershipLeaseholdCar Parking1 Covered,Bathroom4Balcony1"
Satnam Apartment,₹8.25 Cr ,"3 BHK Apartment for Sale in Satnam Apartment, Cuffe Parade Mumbai",Carpet Area1258 sqftStatusReady to MoveFloor5 out of 16TransactionResaleFurnishingSemi-FurnishedSocietySatnam ApartmentCar Parking1 OpenBathroom3
,₹39.47 Cr ,"5 BHK Apartment for Sale in Equinox Embassy Citadel, Lower Parel Mumbai",Carpet Area5560 sqftUnder ConstructionPoss. by Dec '30TransactionNew PropertyFurnishingUnfurnishedSocietyEquinox Embassy CitadelBathroom5Balcony4
,₹11.11 Cr ,"4 BHK Apartment for Sale in Raheja imperia 2, Lower Parel West Mumbai",Carpet Area1588 sqftUnder ConstructionPoss. by Dec '29TransactionNew PropertyFurnishingUnfurnishedSocietyRaheja imperia 2Bathroom4Balcony2
,₹11.11 Cr ,"4 BHK Apartment for Sale in Raheja imperia 2, Lower Parel West Mumbai",Carpet Area1588 sqftUnder ConstructionPoss. by Dec '29TransactionNew PropertyFurnishingUnfurnishedSocietyRaheja imperia 2Bathroom4Balcony1
Lodha World Crest,₹8.38 Cr ,"3 BHK Apartment for Sale in Lodha World Crest, Lower Parel Mumbai",Carpet Area1536 sqftTransactionNew PropertyFurnishingUnfurnishedSocietyLodha World CrestBathroom4Balcony3
Raheja imperia 2,₹11.11 Cr ,"4 BHK Apartment for Sale in Raheja imperia 2, Lower Parel West Mumbai",Carpet Area1588 sqftUnder ConstructionPoss. by Dec '29TransactionNew PropertyFurnishingUnfurnishedSocietyRaheja imperia 2Bathroom4Balcony1
Equinox Embassy Citadel,₹13.06 Cr ,"3 BHK Apartment for Sale in Equinox Embassy Citadel, Lower Parel Mumbai",Carpet Area1840 sqftUnder ConstructionPoss. by Jun '34TransactionNew PropertyFurnishingUnfurnishedSocietyEquinox Embassy CitadelBathroom4Balcony2
India Bulls Sky Forest,₹17.04 Cr ,"3 BHK Apartment for Sale in India Bulls Sky Forest, Lower Parel Mumbai",Carpet Area3589 sqftTransactionNew PropertyFurnishingUnfurnishedSocietyIndia Bulls Sky ForestBathroom3Balcony3
Equinox Embassy Citadel,₹13.06 Cr ,"3 BHK Apartment for Sale in Equinox Embassy Citadel, Lower Parel Mumbai",Carpet Area1840 sqftUnder ConstructionPoss. by Jun '34TransactionNew PropertyFurnishingUnfurnishedSocietyEquinox Embassy CitadelBathroom4Balcony3
Equinox Embassy Citadel,₹13.49 Cr ,"3 BHK Apartment for Sale in Equinox Embassy Citadel, Lower Parel Mumbai",Carpet Area1900 sqftUnder ConstructionPoss. by Jun '34TransactionNew PropertyFurnishingUnfurnishedSocietyEquinox Embassy CitadelBathroom3Balcony2
Equinox Embassy Citadel,₹39.47 Cr ,"5 BHK Apartment for Sale in Equinox Embassy Citadel, Lower Parel Mumbai",Carpet Area5560 sqftUnder ConstructionPoss. by Jun '34TransactionNew PropertyFurnishingUnfurnishedSocietyEquinox Embassy CitadelBathroom5Balcony4
Raheja imperia 2,₹11.11 Cr ,"4 BHK Apartment for Sale in Raheja imperia 2, Lower Parel West Mumbai",Carpet Area1588 sqftUnder ConstructionPoss. by Dec '29TransactionNew PropertyFurnishingUnfurnishedSocietyRaheja imperia 2Bathroom4Balcony1
,₹18 Cr ,6 BHK Apartment for Sale in Lower Parel West Mumbai,"Carpet Area2800 sqftStatusReady to MoveFloor49 out of 52TransactionResaleFurnishingUnfurnishedfacingWestoverlookingGarden/Park, Pool, Main RoadOwnershipFreeholdCar Parking1 Covered,Bathroom6Balcony3"
,₹37.62 Cr ,"5 BHK Apartment for Sale in Equinox Embassy Citadel, Lower Parel Mumbai",Carpet Area5016 sqftUnder ConstructionPoss. by Jun '34TransactionNew PropertyFurnishingUnfurnishedSocietyEquinox Embassy CitadelCar Parking1 CoveredBathroom5
,₹7.25 Cr ,"3 BHK Apartment for Sale in Marathon Omega, Lower Parel Mumbai",Carpet Area1050 sqftStatusReady to MoveFloor15 out of 20TransactionResaleFurnishingUnfurnishedfacingNorthoverlookingMain RoadSocietyMarathon OmegaOwnershipFreeholdCar Parking2 CoveredBathroom3
Raheja Atlantis,₹4.75 Cr ,"2 BHK Apartment for Sale in Raheja Atlantis, Lower Parel Mumbai","Carpet Area785 sqftStatusReady to MoveFloor11 out of 35TransactionResaleFurnishingFurnishedSocietyRaheja AtlantisOwnershipCo-operative SocietyCar Parking1 Covered,Bathroom2Balcony1"
,₹15 Cr ,"4 BHK Apartment for Sale in Lodha The World Towers, Lower Parel Mumbai",Carpet Area2600 sqftStatusReady to MoveFloor26 out of 78TransactionResaleFurnishingSemi-FurnishedfacingWestSocietyLodha The World TowersOwnershipFreeholdCar Parking3 CoveredBathroom5Balcony4
,₹2.34 Cr ,2 BHK Apartment for Sale in Lower Parel West Mumbai,Carpet Area600 sqftStatusReady to MoveFloorUpper Basement out of 22TransactionNew PropertyFurnishingUnfurnishedfacingNorth - WestoverlookingMain RoadOwnershipFreeholdCar Parking1 CoveredBathroom2
Equinox Embassy Citadel,₹21 Cr ,"4 BHK Apartment for Sale in Equinox Embassy Citadel, Lower Parel Mumbai","Carpet Area3000 sqftUnder ConstructionPoss. by Jul '32Floor25 out of 81TransactionNew PropertyFurnishingUnfurnishedfacingEastoverlookingGarden/Park, Main RoadSocietyEquinox Embassy CitadelOwnershipFreeholdCar Parking3 CoveredBathroom4Balcony1"
Marathon Nextgen Innova,₹11.50 Cr ,"  Office Space for Sale in Marathon Nextgen Innova, Lower Parel Mumbai",Carpet Area2634 sqftStatusReady to MoveFloor6 out of 12TransactionResaleCar Parking4 CoveredBathroom2
Peninsula Corporate Park,₹55 Cr ,"  Office Space for Sale in Peninsula Corporate Park, Lower Parel West Mumbai",Carpet Area9500 sqftStatusReady to MoveFloorGround out of 16TransactionResaleCar Parking15 CoveredBathroom4
,₹1.85 Cr ,1 BHK Apartment for Sale in Lower Parel Mumbai,Carpet Area416 sqftUnder ConstructionPoss. by Dec '26Floor7 out of 22TransactionNew PropertyFurnishingUnfurnishedfacingEastoverlookingMain RoadOwnershipFreeholdCar Parking1 CoveredBathroom2
Lodha The World Towers,₹16.50 Cr ,"3 BHK Apartment for Sale in Lodha The World Towers, Lower Parel Mumbai","Carpet Area2200 sqftStatusReady to MoveFloor30 out of 65TransactionNew PropertyFurnishingSemi-FurnishedfacingNorthoverlookingGarden/Park, PoolSocietyLodha The World TowersOwnershipCo-operative SocietyCar Parking2 CoveredBathroom5Balcony4"
Raheja imperia 2,₹10.40 Cr ,"4 BHK Apartment for Sale in Raheja imperia 2, Lower Parel West Mumbai","Carpet Area1600 sqftUnder ConstructionPoss. by Dec '29Floor34 out of 63TransactionNew PropertyFurnishingSemi-FurnishedfacingEastoverlookingGarden/Park, Pool, Main RoadSocietyRaheja imperia 2OwnershipFreeholdCar Parking3 CoveredBathroom5Balcony1"
Raheja imperia 2,₹10.70 Cr ,"5 BHK Apartment for Sale in Raheja imperia 2, Lower Parel West Mumbai","Carpet Area2077 sqftUnder ConstructionPoss. by Dec '28Floor15 out of 62TransactionNew PropertyFurnishingSemi-FurnishedfacingWestoverlookingGarden/Park, Pool, Main RoadSocietyRaheja imperia 2OwnershipFreeholdBathroom5Balcony1"
India Bulls Sky Forest,₹9.25 Cr ,"3 BHK Apartment for Sale in India Bulls Sky Forest, Lower Parel Mumbai","Carpet Area2000 sqftStatusReady to MoveFloor27 out of 50TransactionResaleFurnishingUnfurnishedfacingEastoverlookingPool, Garden/Park, Main RoadSocietyIndia Bulls Sky ForestOwnershipFreeholdBathroom4Balcony2"
Equinox Embassy Citadel,₹13.80 Cr ,"3 BHK Apartment for Sale in Equinox Embassy Citadel, Lower Parel Mumbai","Carpet Area1840 sqftUnder ConstructionPoss. by Jun '34Floor17 out of 81TransactionNew PropertyFurnishingUnfurnishedfacingWestoverlookingGarden/Park, Pool, Main RoadSocietyEquinox Embassy CitadelOwnershipFreeholdCar Parking2 CoveredBathroom3Balcony1"
Indiabulls Sky,₹12.75 Cr ,"2 BHK Apartment for Sale in Indiabulls Sky, Lower Parel Mumbai",Carpet Area1290 sqftStatusReady to MoveFloor25 out of 39TransactionNew PropertyFurnishingFurnishedSocietyIndiabulls SkyBathroom4Balcony1
One Avighna Park,₹35 Cr ,"5 BHK Apartment for Sale in One Avighna Park, Lower Parel Mumbai","Carpet Area4800 sqftStatusReady to MoveFloor30 out of 61TransactionResaleFurnishingUnfurnishedfacingEastoverlookingGarden/Park, Pool, Main RoadSocietyOne Avighna ParkOwnershipFreeholdCar Parking2 CoveredBathroom6Balcony2"
,₹2.49 Cr ,2 BHK Apartment for Sale in Lower Parel West Mumbai,Carpet Area587 sqftUnder ConstructionPoss. by Dec '26Floor12 out of 22TransactionNew PropertyFurnishingSemi-FurnishedfacingEastoverlookingGarden/ParkOwnershipCo-operative SocietyCar Parking1 CoveredBathroom2
Raheja imperia 2,₹11.71 Cr ,"5 BHK Apartment for Sale in Raheja imperia 2, Lower Parel West Mumbai","Carpet Area2077 sqftUnder ConstructionPoss. by Dec '29Floor41 out of 65TransactionNew PropertyFurnishingSemi-FurnishedfacingNorth - EastoverlookingGarden/Park, Main RoadSocietyRaheja imperia 2OwnershipFreeholdCar Parking4 CoveredBathroom6Balcony2"
Sobha Rajvilas,₹4.14 Cr ,3 BHK Flat for Sale in Rajajinagar Bangalore,Super Area1982 sqftTransactionNew PropertyFurnishingUnfurnishedBathroom4Balcony2
Sobha Rajvilas,₹5.95 Cr ,4 BHK Flat for Sale in Rajajinagar Bangalore,Super Area2848 sqftTransactionNew PropertyFurnishingUnfurnishedBathroom5Balcony3
Sobha Rajvilas,₹4.18 Cr ,3 BHK Flat for Sale in Rajajinagar Bangalore,Super Area2001 sqftTransactionNew PropertyFurnishingUnfurnishedBathroom4Balcony2
Sobha Rajvilas,₹4.53 Cr ,4 BHK Flat for Sale in Rajajinagar Bangalore,Super Area2171 sqftTransactionNew PropertyFurnishingUnfurnishedBathroom4Balcony2
Sobha Rajvilas,₹4.53 Cr ,4 BHK Flat for Sale in Rajajinagar Bangalore,Super Area2171 sqftTransactionNew PropertyFurnishingUnfurnishedBathroom4Balcony2
Sobha Rajvilas,₹4.18 Cr ,3 BHK Flat for Sale in Rajajinagar Bangalore,Super Area2001 sqftTransactionNew PropertyFurnishingUnfurnishedBathroom4Balcony2
Sobha Rajvilas,₹5.95 Cr ,4 BHK Flat for Sale in Rajajinagar Bangalore,Super Area2848 sqftTransactionNew PropertyFurnishingUnfurnishedBathroom5Balcony3
Sobha Rajvilas,₹4.14 Cr ,3 BHK Flat for Sale in Rajajinagar Bangalore,Super Area1982 sqftTransactionNew PropertyFurnishingUnfurnishedBathroom4Balcony2
Sobha Rajvilas,₹4.49 Cr ,4 BHK Flat for Sale in Rajajinagar Bangalore,Carpet Area1520 sqftStatusReady to MoveFloor9 out of 25TransactionNew PropertyFurnishingSemi-FurnishedfacingEastoverlookingMain RoadCar Parking1 CoveredBathroom4Balcony2
DNR Highline,₹3.72 Cr ,3 BHK Flat for Sale in 1st Block Rajajinagar Bangalore,Carpet Area1400 sqftUnder ConstructionPoss. by May '26Floor25 out of 30TransactionResaleFurnishingSemi-FurnishedfacingEastoverlookingGarden/ParkOwnershipFreeholdCar Parking1 CoveredBathroom3Balcony2
DNR Highline,₹9.70 Cr ,5 BHK Flat for Sale in Rajajinagar Bangalore,Carpet Area3363 sqftUnder ConstructionPoss. by Oct '26Floor28 out of 36TransactionResaleFurnishingUnfurnishedfacingWestoverlookingGarden/ParkOwnershipFreeholdCar Parking2 CoveredBathroom5Balcony3
Sobha Rajvilas,₹6.15 Cr ,4 BHK Flat for Sale in Rajajinagar Bangalore,"Carpet Area1680 sqftStatusReady to MoveFloorUpper Basement out of 13TransactionResaleFurnishingSemi-FurnishedfacingNorthoverlookingGarden/Park, Pool, Main RoadOwnershipFreeholdCar Parking2 CoveredBathroom3Balcony4"
Brigade Gateway,₹5.50 Cr ,4 BHK Flat for Sale in Rajajinagar Bangalore,"Carpet Area2100 sqftStatusReady to MoveFloor12 out of 18TransactionResaleFurnishingSemi-FurnishedfacingSouth -WestoverlookingGarden/Park, Main RoadOwnershipFreeholdCar Parking2 CoveredBathroom4Balcony3"
Sobha Rajvilas,₹6.05 Cr ,4 BHK Flat for Sale in Rajajinagar Bangalore,Super Area2848 sqftStatusReady to MoveFloor2 out of 2TransactionResaleFurnishingSemi-FurnishedfacingNorthoverlookingPoolOwnershipFreeholdCar Parking1 CoveredBathroom4Balcony2
Sobha Rajvilas,₹4.75 Cr ,4 BHK Flat for Sale in Rajajinagar Bangalore,Carpet Area1800 sqftStatusReady to MoveFloor8 out of 25TransactionResaleFurnishingUnfurnishedfacingWestoverlookingGarden/ParkOwnershipFreeholdCar Parking2 CoveredBathroom3Balcony2
Sobha Rajvilas,₹4.70 Cr ,4 BHK Flat for Sale in Rajajinagar Bangalore,Carpet Area1700 sqftStatusReady to MoveFloor9 out of 25TransactionResaleFurnishingUnfurnishedfacingWestoverlookingGarden/ParkOwnershipFreeholdCar Parking2 CoveredBathroom3Balcony2
DNR Highline,₹9.77 Cr ,5 BHK Flat for Sale in Rajajinagar Bangalore,Carpet Area3363 sqftUnder ConstructionPoss. by Oct '26Floor9 out of 36TransactionNew PropertyFurnishingUnfurnishedfacingEastoverlookingGarden/ParkOwnershipFreeholdCar Parking1 CoveredBathroom5Balcony3
DNR Highline,₹3.54 Cr ,3 BHK Flat for Sale in Rajajinagar Bangalore,Carpet Area1690 sqftUnder ConstructionPoss. by Oct '26Floor11 out of 36TransactionNew PropertyFurnishingUnfurnishedfacingEastoverlookingGarden/ParkOwnershipFreeholdCar Parking1 CoveredBathroom3Balcony2
DNR Highline,₹3.65 Cr ,3 BHK Flat for Sale in Rajajinagar Bangalore,"Carpet Area1690 sqftUnder ConstructionPoss. by May '26Floor15 out of 36TransactionNew PropertyFurnishingUnfurnishedfacingEastoverlookingGarden/Park, Pool, Main RoadOwnershipFreeholdCar Parking1 CoveredBathroom3Balcony2"
Sobha Rajvilas,₹4.65 Cr ,4 BHK Flat for Sale in Rajajinagar Bangalore,Carpet Area1800 sqftStatusReady to MoveFloor8 out of 25TransactionResaleFurnishingUnfurnishedfacingWestoverlookingGarden/ParkOwnershipFreeholdCar Parking1 CoveredBathroom2Balcony2
DNR Highline,₹10 Cr ,5 BHK Flat for Sale in Rajajinagar Bangalore,"Super Area5153 sqftUnder ConstructionPoss. by Oct '26Floor27 out of 32TransactionResaleFurnishingUnfurnishedfacingEastoverlookingPool, Garden/ParkOwnershipFreeholdCar Parking2 CoveredBathroom5Balcony3"
DNR Highline,₹9.90 Cr ,5 BHK Flat for Sale in Rajajinagar Bangalore,"Carpet Area3610 sqftUnder ConstructionPoss. by Jul '26Floor25 out of 34TransactionResaleFurnishingUnfurnishedfacingWestoverlookingGarden/Park, PoolOwnershipFreeholdCar Parking2 CoveredBathroom5Balcony3"
DNR Highline,₹5.50 Cr ,4 BHK Flat for Sale in Rajajinagar Bangalore,Carpet Area2050 sqftUnder ConstructionPoss. by Oct '26Floor10 out of 32TransactionResaleFurnishingUnfurnishedBathroom4Balcony2
,₹6.50 Cr ,4 BHK Flat for Sale in Rajajinagar Bangalore,Carpet Area2100 sqftUnder ConstructionPoss. by Aug '26Floor10 out of 34TransactionResaleFurnishingUnfurnishedfacingWestoverlookingGarden/ParkOwnershipFreeholdCar Parking1 CoveredBathroom4Balcony2
Brigade Gateway,₹3.50 Cr ,3 BHK Flat for Sale in Rajajinagar Bangalore,Carpet Area1400 sqftStatusReady to MoveFloor12 out of 16TransactionResaleFurnishingSemi-FurnishedfacingNorth - EastoverlookingGarden/ParkOwnershipFreeholdCar Parking2 CoveredBathroom3Balcony2
Sobha Rajvilas,₹4.50 Cr ,4 BHK Flat for Sale in Rajajinagar Bangalore,"Carpet Area2500 sqftStatusReady to MoveFloor21 out of 25TransactionResaleFurnishingUnfurnishedfacingNorth - EastoverlookingGarden/Park, PoolOwnershipFreeholdCar Parking2 CoveredBathroom3Balcony2"
Sobha Rajvilas,₹4.25 Cr ,3 BHK Flat for Sale in Rajajinagar Bangalore,"Carpet Area1387 sqftStatusReady to MoveFloor18 out of 25TransactionNew PropertyFurnishingSemi-FurnishedfacingEastoverlookingMain Road, Garden/Park, PoolOwnershipFreeholdCar Parking2 CoveredBathroom3Balcony2"
Sobha Rajvilas,₹4.25 Cr ,3 BHK Flat for Sale in Rajajinagar Bangalore,"Carpet Area1400 sqftStatusReady to MoveFloor18 out of 25TransactionNew PropertyFurnishingSemi-FurnishedfacingEastoverlookingMain Road, Garden/Park, PoolOwnershipFreeholdCar Parking2 CoveredBathroom3Balcony2"
Sobha Rajvilas,₹3.90 Cr ,3 BHK Flat for Sale in Rajajinagar Bangalore,Carpet Area2100 sqftStatusReady to MoveFloor23 out of 25TransactionResaleFurnishingSemi-FurnishedfacingNorth - EastoverlookingGarden/ParkOwnershipFreeholdCar Parking2 CoveredBathroom3Balcony2
Brigade Gateway,₹5 Cr ,4 BHK Flat for Sale in Rajajinagar Bangalore,Carpet Area1900 sqftStatusReady to MoveFloor13 out of 17TransactionResaleFurnishingSemi-FurnishedfacingNorth - EastoverlookingGarden/ParkOwnershipFreeholdCar Parking2 CoveredBathroom3Balcony2
K Raheja Vivarea,₹9.33 Cr ,3 BHK Apartment for Sale in Koramangala Bangalore,Super Area2809 sqftTransactionNew PropertyFurnishingUnfurnishedBathroom3Balcony2
Sterling Infinia,₹4.75 Cr ,3 BHK Apartment for Sale in Koramangala Bangalore,Super Area2439 sqftTransactionNew PropertyFurnishingUnfurnishedBathroom3Balcony2
Sobha Morzaria Grandeur,₹5.46 Cr ,3 BHK Apartment for Sale in Koramangala Bangalore,Super Area2735 sqftTransactionNew PropertyFurnishingUnfurnishedBathroom3Balcony3
K Raheja Vivarea,₹9.33 Cr ,3 BHK Apartment for Sale in Koramangala Bangalore,Super Area2809 sqftTransactionNew PropertyFurnishingUnfurnishedBathroom3Balcony3
Advaitha Aksha,₹2.76 Cr ,3 BHK Apartment for Sale in Jakkasandra Koramangala Bangalore,Super Area1999 sqftStatusReady to MoveFloor5 out of 12TransactionNew PropertyFurnishingUnfurnishedfacingNorthoverlookingMain RoadOwnershipFreeholdCar Parking2 CoveredBathroom4Balcony2
G Corp Residences ,₹3.80 Cr ,3 BHK Apartment for Sale in Koramangala Bangalore,"Super Area1517 sqftStatusReady to MoveFloor6 out of 15TransactionResaleFurnishingSemi-FurnishedfacingEastoverlookingPool, Garden/ParkOwnershipFreeholdBathroom3Balcony2"
KMB La Palazzo,₹8.65 Cr ,4 BHK Apartment for Sale in Koramangala Bangalore,"Carpet Area4893 sqftStatusReady to MoveFloor12 out of 14TransactionResaleFurnishingFurnishedfacingNorthoverlookingGarden/Park, PoolOwnershipFreeholdCar Parking2 CoveredBathroom5Balcony1"
Radiance Platinum,₹3.54 Cr ,3 BHK Apartment for Sale in Koramangala Bangalore,"Carpet Area1800 sqftUnder ConstructionPoss. by Aug '29Floor2 out of 2TransactionNew PropertyFurnishingUnfurnishedfacingEastoverlookingGarden/Park, Pool, Main RoadOwnershipFreeholdCar Parking1 CoveredBathroom3Balcony2"
Radiance Platinum,₹5 Cr ,4 BHK Apartment for Sale in Koramangala Bangalore,"Carpet Area2700 sqftUnder ConstructionPoss. by Aug '29Floor5 out of 13TransactionNew PropertyFurnishingUnfurnishedfacingEastoverlookingPool, Main RoadOwnershipFreeholdCar Parking1 CoveredBathroom4Balcony2"
Shriram Esquire,₹3.77 Cr ,3 BHK Apartment for Sale in Koramangala Bangalore,"Carpet Area1318 sqftUnder ConstructionPoss. by Sep '26Floor2 out of 8TransactionNew PropertyFurnishingUnfurnishedfacingEastoverlookingGarden/ParkOwnershipFreeholdCar Parking1 Covered,Bathroom3Balcony2"
Radiance Platinum,₹4.90 Cr ,4 BHK Apartment for Sale in Koramangala Bangalore,"Carpet Area3010 sqftUnder ConstructionPoss. by Aug '29Floor10 out of 13TransactionNew PropertyFurnishingUnfurnishedfacingEastoverlookingGarden/Park, PoolOwnershipFreeholdCar Parking3 CoveredBathroom4Balcony3"
SJR Palazza City,₹2.65 Cr ,3 BHK Apartment for Sale in 1A Block Koramangala Bangalore,"Carpet Area1400 sqftStatusReady to MoveFloor10 out of 18TransactionResaleFurnishingSemi-FurnishedfacingEastoverlookingGarden/Park, PoolOwnershipFreeholdCar Parking1 CoveredBathroom3Balcony2"
,₹2.10 Cr ,2 BHK Apartment for Sale in Block 1st Koramangala Bangalore,Carpet Area900 sqftStatusReady to MoveFloor3 out of 14TransactionNew PropertyFurnishingUnfurnishedfacingNorth - WestoverlookingGarden/ParkBathroom2Balcony2
DNR Spring Leaf,₹1.48 Cr ,3 BHK Apartment for Sale in Koramangala Bangalore,"Carpet Area1750 sqftUnder ConstructionPoss. by Jul '27Floor6 out of 8TransactionNew PropertyFurnishingUnfurnishedfacingEastoverlookingGarden/Park, Pool, Main RoadOwnershipFreeholdCar Parking1 CoveredBathroom3Balcony1"
DNR Spring Leaf,₹2.28 Cr ,3 BHK Apartment for Sale in Koramangala Bangalore,"Super Area1633 sqftUnder ConstructionPoss. by May '27Floor5 out of 9TransactionNew PropertyFurnishingUnfurnishedfacingEastoverlookingGarden/Park, Pool, Main RoadOwnershipFreeholdCar Parking1 Covered,Bathroom3Balcony2"
DNR Spring Leaf,₹2.28 Cr ,3 BHK Apartment for Sale in Block 1st Koramangala Bangalore,Carpet Area957 sqftUnder ConstructionPoss. by Sep '28Floor2 out of 2TransactionNew PropertyFurnishingUnfurnishedfacingEastoverlookingGarden/ParkOwnershipFreeholdCar Parking2 CoveredBathroom2Balcony2
Prestige Pinewood,₹3.73 Cr ,3 BHK Apartment for Sale in 1A Block Koramangala Bangalore,"Carpet Area1300 sqftStatusReady to MoveFloor10 out of 14TransactionNew PropertyFurnishingUnfurnishedfacingNorth - WestoverlookingGarden/Park, Pool, Main RoadOwnershipFreeholdCar Parking1 CoveredBathroom3Balcony2"
Prestige Pinewood,₹2.90 Cr ,3 BHK Apartment for Sale in 1A Block Koramangala Bangalore,"Carpet Area1050 sqftStatusReady to MoveFloor12 out of 14TransactionNew PropertyFurnishingUnfurnishedfacingNorth - WestoverlookingGarden/Park, Pool, Main RoadOwnershipFreeholdCar Parking1 CoveredBathroom2Balcony1"
,₹24 Cr ,  Office Space for Sale in Koramangala Bangalore,"Carpet Area9000 sqftStatusReady to MoveFloor3 out of 4TransactionResaleCar Parking2 Covered,Bathroom4"
,₹48 Cr ,  Office Space for Sale in Koramangala Bangalore,"Carpet Area18000 sqftStatusReady to MoveFloor3 out of 4TransactionResaleCar Parking3 Covered,Bathroom4"
,₹14 Cr ,  Plot/Land for Sale in Block 1st Koramangala Bangalore,Plot Area4000 sqftDimensions (L X B)50 X 80OwnershipFreeholdTransactionResaleOpen Sides2Width of road facing the plot12 moverlookingMain RoadBoundaryYes
Shriram Esquire,₹3.50 Cr ,3 BHK Apartment for Sale in Koramangala Bangalore,Carpet Area1500 sqftUnder ConstructionPoss. by Dec '26Floor6 out of 7TransactionNew PropertyFurnishingUnfurnishedfacingEastoverlookingGarden/ParkOwnershipFreeholdCar Parking2 CoveredBathroom3Balcony2
Shriram Esquire,₹3.50 Cr ,3 BHK Apartment for Sale in Koramangala Bangalore,Carpet Area1600 sqftUnder ConstructionPoss. by Oct '26Floor6 out of 7TransactionNew PropertyFurnishingUnfurnishedfacingEastoverlookingGarden/ParkOwnershipFreeholdCar Parking2 CoveredBathroom3Balcony10
KMB La Palazzo,₹9.10 Cr ,4 BHK Apartment for Sale in Koramangala Bangalore,"Carpet Area3200 sqftStatusReady to MoveFloor12 out of 15TransactionResaleFurnishingSemi-FurnishedfacingNorthoverlookingGarden/Park, Pool, Main RoadOwnershipFreeholdCar Parking2 Covered,Bathroom6Balcony3"
,₹2.90 Cr ,3 BHK Apartment for Sale in Koramangala Bangalore,Carpet Area1700 sqftStatusReady to MoveFloor1 out of 7TransactionResaleFurnishingFurnishedfacingNorthoverlookingGarden/ParkOwnershipFreeholdCar Parking1 CoveredBathroom3Balcony2
Shriram Esquire,₹5.12 Cr ,4 BHK Apartment for Sale in Koramangala Bangalore,"Super Area2360 sqftUnder ConstructionPoss. by Oct '26FloorUpper Basement out of 7TransactionNew PropertyFurnishingUnfurnishedfacingEastoverlookingGarden/Park, Pool, Main RoadOwnershipFreeholdCar Parking2 CoveredBathroom4Balcony2"
Prestige Pinewood,₹6.25 Cr ,4 BHK Apartment for Sale in Koramangala Bangalore,Super Area2502 sqftUnder ConstructionPoss. by Dec '29Floor12 out of 20TransactionNew PropertyFurnishingSemi-FurnishedfacingEastoverlookingGarden/ParkOwnershipFreeholdCar Parking1 CoveredBathroom3Balcony2
Prestige Pinewood,₹6.95 Cr ,4 BHK Apartment for Sale in Koramangala Bangalore,"Carpet Area1703 sqftStatusReady to MoveFloor8 out of 15TransactionResaleFurnishingSemi-FurnishedfacingWestoverlookingGarden/Park, Main RoadOwnershipFreeholdCar Parking2 CoveredBathroom4Balcony3"
Raheja Residency,₹2.35 Cr ,3 BHK Apartment for Sale in Koramangala Bangalore,Super Area1436 sqftStatusReady to MoveFloor2 out of 7TransactionResaleFurnishingSemi-FurnishedfacingNorthoverlookingPoolOwnershipFreeholdBathroom2Balcony1
,₹8.89 Cr ,3 BHK Apartment for Sale in Block 6th Koramangala Bangalore,Carpet Area3636 sqftFloor3 out of 4TransactionNew PropertyFurnishingUnfurnishedoverlookingMain RoadOwnershipFreeholdCar Parking2 OpenBathroom3Balcony2
,₹2.98 Cr ,4 BHK Apartment for Sale in Whitefield Bangalore,Carpet Area1543 sqftTransactionNew PropertyFurnishingUnfurnishedBathroom4Balcony4
Vaswani Starlight,₹3.87 Cr ,3 BHK Apartment for Sale in Whitefield Bangalore,Super Area2730 sqftUnder ConstructionPoss. by Dec '29TransactionNew PropertyFurnishingUnfurnishedBathroom3Balcony3
Brigade Avalon,₹6.42 Cr ,4 BHK Apartment for Sale in Whitefield Bangalore,Carpet Area2187 sqftUnder ConstructionPoss. by Mar '30TransactionNew PropertyFurnishingUnfurnishedBathroom4Balcony3
Ankuraa Pristine Park,₹2.82 Cr ,4 BHK Apartment for Sale in Hagadur Bangalore,Super Area2439 sqftUnder ConstructionPoss. by Dec '28TransactionNew PropertyFurnishingUnfurnishedBathroom3Balcony3
Ankuraa Pristine Park,₹1.52 Cr ,2 BHK Apartment for Sale in Hagadur Bangalore,Super Area1289 sqftUnder ConstructionPoss. by Dec '28TransactionNew PropertyFurnishingUnfurnishedBathroom2Balcony2
Evergreen at Prestige Raintree Park,₹1.64 Cr ,2 BHK Apartment for Sale in Whitefield Bangalore,Super Area1177 sqftUnder ConstructionPoss. by Jun '30TransactionNew PropertyFurnishingUnfurnishedBathroom2Balcony2
Prestige Raintree Park,₹2.84 Cr ,3 BHK Apartment for Sale in Whitefield Bangalore,Super Area2004 sqftUnder ConstructionPoss. by Dec '28TransactionNew PropertyFurnishingUnfurnishedBathroom3Balcony2
Vrise The Loft,₹2.71 Cr ,3 BHK Apartment for Sale in Whitefield Bangalore,Super Area2244 sqftUnder ConstructionPoss. by Dec '29TransactionNew PropertyFurnishingUnfurnishedBathroom3Balcony3
Vrise The Loft,₹2.71 Cr ,3 BHK Apartment for Sale in Whitefield Bangalore,Super Area2244 sqftUnder ConstructionPoss. by Dec '29TransactionNew PropertyFurnishingUnfurnishedBathroom3Balcony3
Evergreen at Prestige Raintree Park,₹3.20 Cr ,4 BHK Apartment for Sale in Whitefield Bangalore,Super Area2299 sqftUnder ConstructionPoss. by Jun '30TransactionNew PropertyFurnishingUnfurnishedBathroom4Balcony4
NVT OIKOS,₹6.25 Cr ,4 BHK Villa for Sale in Whitefield Bangalore,Super Area4069 sqftUnder ConstructionPoss. by Dec '29TransactionNew PropertyFurnishingUnfurnishedCar Parking1 OpenBathroom4Balcony4
Sumadhura Edition,₹2.63 Cr ,3 BHK Apartment for Sale in Whitefield Bangalore,Super Area1780 sqftUnder ConstructionPoss. by Dec '29TransactionNew PropertyFurnishingUnfurnishedBathroom3Balcony2
Brigade Avalon,₹4.87 Cr ,3 BHK Apartment for Sale in Whitefield Bangalore,Carpet Area1612 sqftTransactionNew PropertyFurnishingUnfurnishedBathroom2Balcony3
Prestige Ozone,₹6.42 Cr ,4 BHK Apartment for Sale in Whitefield Bangalore,Super Area4800 sqftTransactionNew PropertyFurnishingUnfurnishedBathroom4Balcony4
Evergreen at Prestige Raintree Park,₹3.23 Cr ,4 BHK Apartment for Sale in Whitefield Bangalore,Super Area2299 sqftUnder ConstructionPoss. by Jun '30TransactionNew PropertyFurnishingUnfurnishedBathroom4Balcony4
Prestige Raintree Park,₹5.24 Cr ,5 BHK Apartment for Sale in Whitefield Bangalore,Super Area3692 sqftTransactionNew PropertyFurnishingUnfurnishedBathroom4Balcony3
Evergreen at Prestige Raintree Park,₹2.21 Cr ,2 BHK Apartment for Sale in Whitefield Bangalore,Super Area1504 sqftUnder ConstructionPoss. by Jun '30TransactionNew PropertyFurnishingUnfurnishedBathroom2Balcony2
Evergreen at Prestige Raintree Park,₹2.21 Cr ,2 BHK Apartment for Sale in Whitefield Bangalore,Super Area1504 sqftUnder ConstructionPoss. by Jun '30TransactionNew PropertyFurnishingUnfurnishedBathroom2Balcony2
DSR Elixir,₹4.75 Cr ,4 BHK Villa for Sale in Whitefield Bangalore,Super Area4615 sqftUnder ConstructionPoss. by Jun '26TransactionNew PropertyFurnishingUnfurnishedCar Parking1 OpenBathroom4Balcony4
Evergreen at Prestige Raintree Park,₹2.58 Cr ,3 BHK Apartment for Sale in Whitefield Bangalore,Super Area1759 sqftUnder ConstructionPoss. by Jun '30TransactionNew PropertyFurnishingUnfurnishedBathroom3Balcony3
SBR One Residence,₹2.46 Cr ,3 BHK Apartment for Sale in Whitefield Bangalore,Super Area1752 sqftUnder ConstructionPoss. by Dec '30TransactionNew PropertyFurnishingUnfurnishedBathroom3Balcony3
Evergreen at Prestige Raintree Park,₹2.21 Cr ,2 BHK Apartment for Sale in Whitefield Bangalore,Super Area1504 sqftUnder ConstructionPoss. by Jun '30TransactionNew PropertyFurnishingUnfurnishedBathroom2Balcony2
Udbhav Gokulam,₹1.57 Cr ,3 BHK Apartment for Sale in Varthur Bangalore,Carpet Area1060 sqftUnder ConstructionPoss. by Mar '27TransactionNew PropertyFurnishingUnfurnishedBathroom3Balcony3
Sipani City,₹1.19 Cr ,3 BHK Apartment for Sale in Varthur Bangalore,Super Area1660 sqftUnder ConstructionPoss. by Dec '30TransactionNew PropertyFurnishingUnfurnishedBathroom3Balcony1
Sipani City,₹76.7 Lac ,2 BHK Apartment for Sale in Varthur Bangalore,Super Area1065 sqftUnder ConstructionPoss. by Dec '30TransactionNew PropertyFurnishingUnfurnishedBathroom2Balcony1
Sterling Villa Grande,₹7.20 Cr ,3 BHK Villa for Sale in Whitefield Bangalore,Super Area3500 sqftTransactionNew PropertyFurnishingUnfurnishedCar Parking1 OpenBathroom3Balcony3
Prestige Silver Oak,₹7.20 Cr ,4 BHK Villa for Sale in Whitefield Bangalore,Super Area4144 sqftTransactionNew PropertyFurnishingUnfurnishedCar Parking1 OpenBathroom4Balcony4
Raffles Park,₹10.55 Cr ,5 BHK Villa for Sale in Whitefield Bangalore,Super Area6420 sqftTransactionNew PropertyFurnishingUnfurnishedCar Parking1 OpenBathroom5Balcony3
Urban Poetry Of Earth,₹4.22 Cr ,4 BHK Penthouse for Sale in Varthur Bangalore,Super Area3512 sqftUnder ConstructionPoss. by Dec '28TransactionNew PropertyFurnishingUnfurnishedCar Parking1 OpenBathroom4Balcony3
Sumadhura Edition,₹3.10 Cr ,4 BHK Apartment for Sale in Whitefield Bangalore,Super Area2050 sqftUnder ConstructionPoss. by Dec '29TransactionNew PropertyFurnishingUnfurnishedBathroom4Balcony2
